Session,Driver,Team,LapNumber,Stint,Compound,TyreLife,LapTime_sec,Sector1Time_sec,Sector2Time_sec,Sector3Time_sec,PitOutTime_sec,PitInTime_sec,SpeedI1,SpeedI2,SpeedFL,SpeedST,IsPersonalBest,Position,IsAccurate
FP1,NOR,McLaren,1.0,1.0,MEDIUM,1.0,,,36.604,50.656,898.051,,252.0,243.0,227.0,282.0,False,,False
FP1,NOR,McLaren,2.0,1.0,MEDIUM,2.0,106.73,28.276,32.957,45.497,,,255.0,259.0,257.0,284.0,True,,True
FP1,NOR,McLaren,3.0,1.0,MEDIUM,3.0,97.542,25.762,29.433,42.347,,,275.0,267.0,244.0,312.0,True,,True
FP1,NOR,McLaren,4.0,1.0,MEDIUM,4.0,123.126,31.004,36.784,55.338,,1351.721,207.0,218.0,,293.0,False,,False
FP1,NOR,McLaren,5.0,2.0,MEDIUM,5.0,,55.215,46.507,64.313,1380.175,,205.0,203.0,249.0,255.0,False,,False
FP1,NOR,McLaren,6.0,2.0,MEDIUM,6.0,108.094,27.416,31.201,49.477,,,254.0,148.0,257.0,292.0,False,,True
FP1,NOR,McLaren,7.0,2.0,MEDIUM,7.0,137.294,24.861,30.153,82.28,,,279.0,114.0,213.0,109.0,False,,False
FP1,NOR,McLaren,8.0,2.0,MEDIUM,8.0,121.882,30.039,33.544,58.299,,,239.0,233.0,243.0,207.0,False,,False
FP1,NOR,McLaren,9.0,2.0,MEDIUM,9.0,109.021,28.921,30.812,49.288,,,261.0,267.0,274.0,274.0,False,,False
FP1,NOR,McLaren,10.0,2.0,MEDIUM,10.0,95.572,24.857,28.836,41.879,,,279.0,274.0,245.0,306.0,True,,True
FP1,NOR,McLaren,11.0,2.0,MEDIUM,11.0,116.553,33.376,33.525,49.652,,,248.0,261.0,272.0,294.0,False,,True
FP1,NOR,McLaren,12.0,2.0,MEDIUM,12.0,114.401,32.952,33.881,47.568,,,266.0,255.0,271.0,293.0,False,,True
FP1,NOR,McLaren,13.0,2.0,MEDIUM,13.0,102.826,24.907,28.862,49.057,,2423.382,278.0,272.0,,305.0,False,,False
FP1,NOR,McLaren,14.0,3.0,MEDIUM,14.0,,,31.036,44.362,2871.583,,239.0,259.0,273.0,293.0,False,,False
FP1,NOR,McLaren,15.0,3.0,MEDIUM,15.0,98.882,25.427,29.527,43.928,,,275.0,260.0,269.0,300.0,False,,True
FP1,NOR,McLaren,16.0,3.0,MEDIUM,16.0,100.206,25.936,29.962,44.308,,,283.0,273.0,273.0,322.0,False,,True
FP1,NOR,McLaren,17.0,3.0,MEDIUM,17.0,97.747,25.665,29.597,42.485,,,277.0,263.0,273.0,311.0,False,,True
FP1,NOR,McLaren,18.0,3.0,MEDIUM,18.0,97.366,25.63,29.478,42.258,,,276.0,262.0,273.0,307.0,False,,True
FP1,NOR,McLaren,19.0,3.0,MEDIUM,19.0,97.795,25.781,29.485,42.529,,,276.0,266.0,273.0,318.0,False,,True
FP1,NOR,McLaren,20.0,3.0,MEDIUM,20.0,103.805,25.774,29.923,48.108,,3568.296,273.0,259.0,,302.0,False,,False
FP1,NOR,McLaren,21.0,4.0,SOFT,1.0,,,30.222,44.677,3828.413,,262.0,266.0,273.0,285.0,False,,False
FP1,NOR,McLaren,22.0,4.0,SOFT,2.0,93.7,24.337,28.275,41.088,,,288.0,272.0,258.0,309.0,True,,True
FP1,NOR,McLaren,23.0,4.0,SOFT,3.0,125.589,33.422,36.51,55.657,,,207.0,201.0,276.0,273.0,False,,True
FP1,NOR,McLaren,24.0,4.0,SOFT,4.0,93.745,24.43,28.305,41.01,,,294.0,274.0,258.0,312.0,False,,True
FP1,NOR,McLaren,25.0,4.0,SOFT,5.0,125.306,33.232,40.959,51.115,,,168.0,150.0,275.0,298.0,False,,True
FP1,NOR,McLaren,26.0,4.0,SOFT,6.0,93.296,24.358,28.258,40.68,,,289.0,275.0,257.0,311.0,True,,True
FP1,NOR,McLaren,27.0,4.0,SOFT,7.0,126.301,32.593,35.021,58.687,,,181.0,224.0,42.0,287.0,False,,True
FP1,NOR,McLaren,28.0,4.0,SOFT,8.0,,70.602,31.252,53.108,,,304.0,245.0,109.0,233.0,False,,False
FP1,NOR,McLaren,29.0,4.0,SOFT,9.0,,66.678,28.96,58.752,,4894.896,304.0,260.0,,185.0,False,,False
FP1,VER,Red Bull Racing,1.0,1.0,MEDIUM,1.0,,,33.719,48.811,914.804,,240.0,243.0,241.0,286.0,False,,False
FP1,VER,Red Bull Racing,2.0,1.0,MEDIUM,2.0,106.986,27.885,31.257,47.844,,,224.0,258.0,275.0,253.0,True,,True
FP1,VER,Red Bull Racing,3.0,1.0,MEDIUM,3.0,96.052,25.152,28.977,41.923,,,294.0,283.0,254.0,307.0,True,,True
FP1,VER,Red Bull Racing,4.0,1.0,MEDIUM,4.0,127.672,31.821,39.111,56.74,,,187.0,242.0,273.0,238.0,False,,True
FP1,VER,Red Bull Racing,5.0,1.0,MEDIUM,5.0,133.324,25.066,36.221,72.037,,,292.0,151.0,274.0,258.0,False,,False
FP1,VER,Red Bull Racing,6.0,1.0,MEDIUM,6.0,96.04,24.962,28.807,42.271,,,291.0,282.0,264.0,299.0,True,,True
FP1,VER,Red Bull Racing,7.0,1.0,MEDIUM,7.0,117.654,28.428,32.023,57.203,,1711.884,244.0,246.0,,174.0,False,,False
FP1,VER,Red Bull Racing,8.0,2.0,MEDIUM,8.0,,,31.001,43.466,2698.3,,249.0,269.0,273.0,306.0,False,,False
FP1,VER,Red Bull Racing,9.0,2.0,MEDIUM,9.0,98.731,25.893,30.206,42.632,,,271.0,263.0,273.0,304.0,False,,True
FP1,VER,Red Bull Racing,10.0,2.0,MEDIUM,10.0,99.24,26.076,30.437,42.727,,,269.0,260.0,271.0,305.0,False,,True
FP1,VER,Red Bull Racing,11.0,2.0,MEDIUM,11.0,99.498,26.209,30.454,42.835,,,270.0,262.0,272.0,306.0,False,,True
FP1,VER,Red Bull Racing,12.0,2.0,MEDIUM,12.0,100.366,26.323,30.669,43.374,,,271.0,257.0,273.0,306.0,False,,True
FP1,VER,Red Bull Racing,13.0,2.0,MEDIUM,13.0,99.627,26.317,30.639,42.671,,,275.0,261.0,273.0,314.0,False,,True
FP1,VER,Red Bull Racing,14.0,2.0,MEDIUM,14.0,99.798,26.202,30.481,43.115,,,272.0,265.0,270.0,306.0,False,,True
FP1,VER,Red Bull Racing,15.0,2.0,MEDIUM,15.0,100.426,26.435,30.71,43.281,,,266.0,260.0,271.0,304.0,False,,True
FP1,VER,Red Bull Racing,16.0,2.0,MEDIUM,16.0,110.418,26.566,31.13,52.722,,3604.28,266.0,254.0,,285.0,False,,False
FP1,VER,Red Bull Racing,17.0,3.0,SOFT,1.0,,,30.857,47.193,3894.331,,247.0,244.0,277.0,250.0,False,,False
FP1,VER,Red Bull Racing,18.0,3.0,SOFT,2.0,94.541,24.709,28.499,41.333,,,293.0,286.0,262.0,306.0,True,,True
FP1,VER,Red Bull Racing,19.0,3.0,SOFT,3.0,130.505,36.342,42.26,51.903,,,194.0,167.0,276.0,305.0,False,,True
FP1,VER,Red Bull Racing,20.0,3.0,SOFT,4.0,94.806,24.774,28.747,41.285,,,289.0,283.0,267.0,304.0,False,,True
FP1,VER,Red Bull Racing,21.0,3.0,SOFT,5.0,132.199,31.595,42.185,58.419,,,209.0,149.0,232.0,221.0,False,,True
FP1,VER,Red Bull Racing,22.0,3.0,SOFT,6.0,117.259,30.237,31.742,55.28,,,204.0,250.0,103.0,253.0,False,,True
FP1,VER,Red Bull Racing,23.0,3.0,SOFT,7.0,139.658,45.269,31.155,63.234,,,262.0,246.0,75.0,275.0,False,,True
FP1,VER,Red Bull Racing,24.0,3.0,SOFT,8.0,147.488,65.592,31.03,50.866,,4853.186,259.0,225.0,,287.0,False,,False
FP1,BOR,Audi,1.0,1.0,MEDIUM,1.0,,,34.198,59.405,944.237,,237.0,247.0,269.0,208.0,False,,False
FP1,BOR,Audi,2.0,1.0,MEDIUM,2.0,100.29,26.847,30.631,42.812,,,280.0,260.0,274.0,310.0,True,,True
FP1,BOR,Audi,3.0,1.0,MEDIUM,3.0,127.891,32.096,36.128,59.667,,,208.0,249.0,267.0,255.0,False,,True
FP1,BOR,Audi,4.0,1.0,MEDIUM,4.0,114.577,25.462,38.241,50.874,,,290.0,255.0,108.0,253.0,False,,False
FP1,BOR,Audi,5.0,1.0,MEDIUM,5.0,138.262,47.299,36.02,54.943,,,186.0,241.0,267.0,250.0,False,,False
FP1,BOR,Audi,6.0,1.0,MEDIUM,6.0,97.743,25.5,29.82,42.423,,,291.0,283.0,249.0,318.0,True,,True
FP1,BOR,Audi,7.0,1.0,MEDIUM,7.0,143.758,35.834,42.927,64.997,,,147.0,209.0,253.0,153.0,False,,False
FP1,BOR,Audi,8.0,1.0,MEDIUM,8.0,128.507,31.677,36.535,60.295,,,192.0,251.0,271.0,256.0,False,,False
FP1,BOR,Audi,9.0,1.0,MEDIUM,9.0,103.362,25.534,29.496,48.332,,2027.385,290.0,284.0,,315.0,False,,False
FP1,BOR,Audi,10.0,2.0,MEDIUM,10.0,,,34.479,47.237,2628.925,,250.0,255.0,262.0,257.0,False,,False
FP1,BOR,Audi,11.0,2.0,MEDIUM,11.0,107.68,27.643,31.571,48.466,,,267.0,256.0,272.0,255.0,False,,True
FP1,BOR,Audi,12.0,2.0,MEDIUM,12.0,96.232,25.288,29.313,41.631,,,291.0,282.0,255.0,320.0,True,,True
FP1,BOR,Audi,13.0,2.0,MEDIUM,13.0,127.761,31.561,37.726,58.474,,,199.0,253.0,253.0,179.0,False,,True
FP1,BOR,Audi,14.0,2.0,MEDIUM,14.0,105.812,30.559,32.255,42.998,,,257.0,269.0,272.0,312.0,False,,True
FP1,BOR,Audi,15.0,2.0,MEDIUM,15.0,98.302,25.888,29.841,42.573,,,281.0,271.0,272.0,315.0,False,,True
FP1,BOR,Audi,16.0,2.0,MEDIUM,16.0,98.752,25.961,29.967,42.824,,,276.0,267.0,271.0,310.0,False,,True
FP1,BOR,Audi,17.0,2.0,MEDIUM,17.0,99.295,25.981,30.096,43.218,,,300.0,267.0,270.0,303.0,False,,True
FP1,BOR,Audi,18.0,2.0,MEDIUM,18.0,109.664,26.003,30.117,53.544,,3580.537,273.0,266.0,,250.0,False,,False
FP1,BOR,Audi,19.0,3.0,SOFT,1.0,,,32.607,48.743,3916.029,,261.0,257.0,262.0,245.0,False,,False
FP1,BOR,Audi,20.0,3.0,SOFT,2.0,114.992,28.012,31.493,55.487,,,268.0,252.0,275.0,149.0,False,,True
FP1,BOR,Audi,21.0,3.0,SOFT,3.0,95.148,24.973,28.745,41.43,,,289.0,285.0,258.0,313.0,True,,True
FP1,BOR,Audi,22.0,3.0,SOFT,4.0,136.456,37.862,44.908,53.686,,,144.0,137.0,273.0,252.0,False,,True
FP1,BOR,Audi,23.0,3.0,SOFT,5.0,94.828,25.02,28.689,41.119,,,291.0,284.0,256.0,318.0,True,,True
FP1,BOR,Audi,24.0,3.0,SOFT,6.0,,37.025,45.535,80.76,,,157.0,152.0,78.0,184.0,False,,False
FP1,BOR,Audi,25.0,3.0,SOFT,7.0,,67.547,39.511,68.978,,,185.0,175.0,52.0,241.0,False,,False
FP1,BOR,Audi,26.0,3.0,SOFT,8.0,,64.862,36.663,59.029,,4965.233,187.0,251.0,,288.0,False,,False
FP1,HAD,Red Bull Racing,1.0,1.0,MEDIUM,1.0,,,34.436,52.79,924.094,,250.0,247.0,273.0,269.0,False,,False
FP1,HAD,Red Bull Racing,2.0,1.0,MEDIUM,2.0,135.198,25.562,42.406,67.23,,,247.0,237.0,270.0,77.0,True,,True
FP1,HAD,Red Bull Racing,3.0,1.0,MEDIUM,3.0,114.572,25.204,34.357,55.011,,,301.0,169.0,272.0,235.0,True,,True
FP1,HAD,Red Bull Racing,4.0,1.0,MEDIUM,4.0,96.544,25.247,28.973,42.324,,,296.0,285.0,262.0,309.0,True,,True
FP1,HAD,Red Bull Racing,5.0,1.0,MEDIUM,5.0,149.05,45.456,40.749,62.845,,,125.0,234.0,272.0,159.0,False,,False
FP1,HAD,Red Bull Racing,6.0,1.0,MEDIUM,6.0,95.951,25.106,28.868,41.977,,,294.0,285.0,260.0,306.0,True,,True
FP1,HAD,Red Bull Racing,7.0,1.0,MEDIUM,7.0,144.798,28.24,40.139,76.419,,1778.373,237.0,176.0,,88.0,False,,False
FP1,HAD,Red Bull Racing,8.0,2.0,MEDIUM,8.0,,,31.092,43.121,2426.809,,275.0,267.0,271.0,313.0,False,,False
FP1,HAD,Red Bull Racing,9.0,2.0,MEDIUM,9.0,98.721,25.931,30.109,42.681,,,277.0,262.0,269.0,306.0,False,,True
FP1,HAD,Red Bull Racing,10.0,2.0,MEDIUM,10.0,98.916,26.009,30.122,42.785,,,273.0,263.0,269.0,310.0,False,,True
FP1,HAD,Red Bull Racing,11.0,2.0,MEDIUM,11.0,100.014,26.069,30.722,43.223,,,273.0,262.0,270.0,309.0,False,,True
FP1,HAD,Red Bull Racing,12.0,2.0,MEDIUM,12.0,100.524,26.397,30.833,43.294,,,272.0,260.0,272.0,306.0,False,,True
FP1,HAD,Red Bull Racing,13.0,2.0,MEDIUM,13.0,104.98,26.181,31.007,47.792,,,272.0,260.0,260.0,308.0,False,,True
FP1,HAD,Red Bull Racing,14.0,2.0,MEDIUM,14.0,101.186,26.436,31.393,43.357,,,272.0,259.0,272.0,307.0,False,,True
FP1,HAD,Red Bull Racing,15.0,2.0,MEDIUM,15.0,101.612,26.402,31.303,43.907,,,273.0,265.0,272.0,312.0,False,,True
FP1,HAD,Red Bull Racing,16.0,2.0,MEDIUM,16.0,101.151,26.365,31.181,43.605,,,276.0,260.0,272.0,317.0,False,,True
FP1,HAD,Red Bull Racing,17.0,2.0,MEDIUM,17.0,101.578,26.542,31.178,43.858,,,271.0,258.0,271.0,308.0,False,,True
FP1,HAD,Red Bull Racing,18.0,2.0,MEDIUM,18.0,101.36,26.542,31.18,43.638,,,272.0,264.0,272.0,308.0,False,,True
FP1,HAD,Red Bull Racing,19.0,2.0,MEDIUM,19.0,108.649,26.67,31.419,50.56,,3645.128,272.0,266.0,,284.0,False,,False
FP1,HAD,Red Bull Racing,20.0,3.0,SOFT,1.0,,,33.493,55.01,4053.196,,251.0,251.0,274.0,162.0,False,,False
FP1,HAD,Red Bull Racing,21.0,3.0,SOFT,2.0,95.185,24.987,28.667,41.531,,,295.0,286.0,252.0,305.0,True,,True
FP1,HAD,Red Bull Racing,22.0,3.0,SOFT,3.0,145.436,38.593,45.835,61.008,,,159.0,227.0,272.0,238.0,False,,True
FP1,HAD,Red Bull Racing,23.0,3.0,SOFT,4.0,94.856,25.0,28.672,41.184,,,294.0,284.0,254.0,306.0,True,,True
FP1,HAD,Red Bull Racing,24.0,3.0,SOFT,5.0,139.009,34.725,39.43,64.854,,,153.0,214.0,74.0,157.0,False,,True
FP1,HAD,Red Bull Racing,25.0,3.0,SOFT,6.0,,64.445,32.31,67.346,,,242.0,244.0,57.0,236.0,False,,False
FP1,HAD,Red Bull Racing,26.0,3.0,SOFT,7.0,142.122,64.657,30.171,47.294,,4952.498,284.0,268.0,,306.0,False,,False
FP1,GAS,Alpine,1.0,1.0,MEDIUM,1.0,,,33.154,51.319,857.865,,250.0,243.0,271.0,286.0,False,,False
FP1,GAS,Alpine,2.0,1.0,MEDIUM,2.0,97.754,25.818,29.965,41.971,,,281.0,271.0,249.0,317.0,True,,True
FP1,GAS,Alpine,3.0,1.0,MEDIUM,3.0,140.983,42.288,47.55,51.145,,,118.0,236.0,272.0,286.0,False,,True
FP1,GAS,Alpine,4.0,1.0,MEDIUM,4.0,95.974,25.147,29.032,41.795,,,280.0,267.0,247.0,310.0,True,,True
FP1,GAS,Alpine,5.0,1.0,MEDIUM,5.0,144.195,36.215,44.393,63.587,,,151.0,240.0,272.0,244.0,False,,False
FP1,GAS,Alpine,6.0,1.0,MEDIUM,6.0,120.52,31.229,35.566,53.725,,,247.0,256.0,244.0,255.0,False,,False
FP1,GAS,Alpine,7.0,1.0,MEDIUM,7.0,101.626,25.366,28.91,47.35,,,281.0,269.0,223.0,311.0,False,,True
FP1,GAS,Alpine,8.0,1.0,MEDIUM,8.0,142.416,41.249,41.313,59.854,,,194.0,237.0,217.0,288.0,False,,False
FP1,GAS,Alpine,9.0,1.0,MEDIUM,9.0,122.122,31.063,37.512,53.547,,,256.0,230.0,271.0,309.0,False,,False
FP1,GAS,Alpine,10.0,1.0,MEDIUM,10.0,95.639,25.45,28.721,41.468,,,280.0,269.0,249.0,317.0,True,,True
FP1,GAS,Alpine,11.0,1.0,MEDIUM,11.0,120.356,29.583,38.17,52.603,,2155.388,240.0,190.0,,294.0,False,,False
FP1,GAS,Alpine,12.0,2.0,MEDIUM,12.0,,,32.029,44.562,2679.831,,255.0,210.0,272.0,310.0,False,,False
FP1,GAS,Alpine,13.0,2.0,MEDIUM,13.0,97.956,25.761,29.657,42.538,,,273.0,258.0,262.0,307.0,False,,True
FP1,GAS,Alpine,14.0,2.0,MEDIUM,14.0,97.916,26.129,29.523,42.264,,,273.0,258.0,268.0,310.0,False,,True
FP1,GAS,Alpine,15.0,2.0,MEDIUM,15.0,97.907,25.817,29.5,42.59,,,272.0,257.0,268.0,307.0,False,,True
FP1,GAS,Alpine,16.0,2.0,MEDIUM,16.0,98.192,25.929,29.733,42.53,,,274.0,265.0,273.0,323.0,False,,True
FP1,GAS,Alpine,17.0,2.0,MEDIUM,17.0,98.725,26.086,30.114,42.525,,,280.0,263.0,273.0,320.0,False,,True
FP1,GAS,Alpine,18.0,2.0,MEDIUM,18.0,98.664,26.002,30.143,42.519,,,280.0,260.0,270.0,323.0,False,,True
FP1,GAS,Alpine,19.0,2.0,MEDIUM,19.0,105.099,26.366,30.051,48.682,,3477.643,278.0,251.0,,320.0,False,,False
FP1,GAS,Alpine,20.0,3.0,SOFT,1.0,,,32.028,49.299,3764.228,,238.0,255.0,275.0,301.0,False,,False
FP1,GAS,Alpine,21.0,3.0,SOFT,2.0,94.676,24.675,28.285,41.716,,,280.0,275.0,254.0,310.0,True,,True
FP1,GAS,Alpine,22.0,3.0,SOFT,3.0,134.829,32.171,45.377,57.281,,,183.0,163.0,273.0,297.0,False,,True
FP1,GAS,Alpine,23.0,3.0,SOFT,4.0,94.853,24.783,28.601,41.469,,,281.0,275.0,248.0,314.0,False,,True
FP1,GAS,Alpine,24.0,3.0,SOFT,5.0,121.107,30.18,36.233,54.694,,4330.252,238.0,153.0,,291.0,False,,False
FP1,GAS,Alpine,25.0,4.0,MEDIUM,20.0,,66.397,39.057,54.777,4365.129,,212.0,220.0,230.0,267.0,False,,False
FP1,GAS,Alpine,26.0,4.0,MEDIUM,21.0,128.782,32.299,36.831,59.652,,,204.0,244.0,74.0,254.0,False,,True
FP1,GAS,Alpine,27.0,4.0,MEDIUM,22.0,,67.048,37.244,62.68,,,250.0,221.0,51.0,204.0,False,,False
FP1,GAS,Alpine,28.0,4.0,MEDIUM,23.0,149.676,62.503,31.23,55.943,,4935.998,291.0,261.0,,322.0,False,,False
FP1,PER,Cadillac,1.0,1.0,MEDIUM,1.0,,,36.784,51.439,958.234,,252.0,259.0,266.0,267.0,False,,False
FP1,PER,Cadillac,2.0,1.0,MEDIUM,2.0,103.34,26.63,31.465,45.245,,,276.0,272.0,273.0,282.0,True,,True
FP1,PER,Cadillac,3.0,1.0,MEDIUM,3.0,124.978,28.995,36.767,59.216,,,240.0,222.0,256.0,273.0,False,,True
FP1,PER,Cadillac,4.0,1.0,MEDIUM,4.0,99.2,26.3,29.813,43.087,,,268.0,271.0,252.0,299.0,True,,True
FP1,PER,Cadillac,5.0,1.0,MEDIUM,5.0,145.702,37.401,45.394,62.907,,,134.0,252.0,270.0,98.0,False,,False
FP1,PER,Cadillac,6.0,1.0,MEDIUM,6.0,101.142,25.755,29.594,45.793,,,270.0,264.0,262.0,309.0,False,,True
FP1,PER,Cadillac,7.0,1.0,MEDIUM,7.0,142.222,29.276,45.379,67.567,,,207.0,210.0,257.0,216.0,False,,False
FP1,PER,Cadillac,8.0,1.0,MEDIUM,8.0,130.776,28.399,34.55,67.827,,1922.08,277.0,233.0,,269.0,False,,False
FP1,PER,Cadillac,9.0,2.0,MEDIUM,9.0,,,32.533,47.214,2747.91,,245.0,266.0,265.0,290.0,False,,False
FP1,PER,Cadillac,10.0,2.0,MEDIUM,10.0,101.916,26.651,30.75,44.515,,,277.0,244.0,245.0,301.0,False,,True
FP1,PER,Cadillac,11.0,2.0,MEDIUM,11.0,101.925,27.436,30.92,43.569,,,259.0,247.0,265.0,306.0,False,,True
FP1,PER,Cadillac,12.0,2.0,MEDIUM,12.0,101.57,27.046,30.861,43.663,,,256.0,251.0,268.0,300.0,False,,True
FP1,PER,Cadillac,13.0,2.0,MEDIUM,13.0,122.528,26.777,38.28,57.471,,3282.581,257.0,224.0,,229.0,False,,False
FP1,ANT,Mercedes,1.0,1.0,MEDIUM,1.0,,,32.465,54.158,864.427,,219.0,255.0,238.0,262.0,False,,False
FP1,ANT,Mercedes,2.0,1.0,MEDIUM,2.0,110.628,28.049,30.862,51.717,,,249.0,251.0,273.0,259.0,True,,True
FP1,ANT,Mercedes,3.0,1.0,MEDIUM,3.0,95.094,25.013,28.602,41.479,,,280.0,272.0,251.0,316.0,True,,True
FP1,ANT,Mercedes,4.0,1.0,MEDIUM,4.0,133.855,34.885,47.451,51.519,,,85.0,227.0,274.0,262.0,False,,True
FP1,ANT,Mercedes,5.0,1.0,MEDIUM,5.0,99.187,24.51,28.23,46.447,,,280.0,270.0,135.0,313.0,False,,False
FP1,ANT,Mercedes,6.0,1.0,MEDIUM,6.0,141.979,43.566,36.407,62.006,,,140.0,256.0,275.0,166.0,False,,False
FP1,ANT,Mercedes,7.0,1.0,MEDIUM,7.0,94.794,24.413,28.1,42.281,,,281.0,270.0,256.0,311.0,True,,True
FP1,ANT,Mercedes,8.0,1.0,MEDIUM,8.0,,36.038,52.446,71.204,,1819.349,149.0,220.0,,148.0,False,,False
FP1,ANT,Mercedes,9.0,2.0,MEDIUM,9.0,,,31.265,42.434,2228.124,,240.0,260.0,272.0,321.0,False,,False
FP1,ANT,Mercedes,10.0,2.0,MEDIUM,10.0,96.672,25.412,29.026,42.234,,,270.0,259.0,267.0,304.0,False,,True
FP1,ANT,Mercedes,11.0,2.0,MEDIUM,11.0,96.342,25.549,28.973,41.82,,,270.0,259.0,269.0,311.0,False,,True
FP1,ANT,Mercedes,12.0,2.0,MEDIUM,12.0,96.134,25.524,28.924,41.686,,,269.0,257.0,270.0,305.0,False,,True
FP1,ANT,Mercedes,13.0,2.0,MEDIUM,13.0,96.162,25.484,28.974,41.704,,,272.0,259.0,271.0,308.0,False,,True
FP1,ANT,Mercedes,14.0,2.0,MEDIUM,14.0,96.032,25.442,28.986,41.604,,,272.0,260.0,270.0,312.0,False,,True
FP1,ANT,Mercedes,15.0,2.0,MEDIUM,15.0,96.215,25.434,29.13,41.651,,,273.0,259.0,272.0,312.0,False,,True
FP1,ANT,Mercedes,16.0,2.0,MEDIUM,16.0,96.222,25.456,29.199,41.567,,,274.0,261.0,273.0,311.0,False,,True
FP1,ANT,Mercedes,17.0,2.0,MEDIUM,17.0,96.837,25.555,29.347,41.935,,,274.0,258.0,273.0,315.0,False,,True
FP1,ANT,Mercedes,18.0,2.0,MEDIUM,18.0,97.683,25.622,29.594,42.467,,,277.0,264.0,271.0,332.0,False,,True
FP1,ANT,Mercedes,19.0,2.0,MEDIUM,19.0,102.759,25.584,29.521,47.654,,3296.953,271.0,256.0,,303.0,False,,False
FP1,ANT,Mercedes,20.0,3.0,SOFT,1.0,,,31.575,53.196,3545.958,,239.0,253.0,275.0,252.0,False,,False
FP1,ANT,Mercedes,21.0,3.0,SOFT,2.0,92.963,24.508,27.999,40.456,,,270.0,259.0,259.0,310.0,True,,True
FP1,ANT,Mercedes,22.0,3.0,SOFT,3.0,123.906,36.075,40.335,47.496,,,166.0,225.0,276.0,256.0,False,,True
FP1,ANT,Mercedes,23.0,3.0,SOFT,4.0,96.08,24.396,27.922,43.762,,,271.0,264.0,227.0,315.0,False,,True
FP1,ANT,Mercedes,24.0,3.0,SOFT,5.0,138.221,43.672,39.762,54.787,,,215.0,138.0,276.0,159.0,False,,True
FP1,ANT,Mercedes,25.0,3.0,SOFT,6.0,92.861,24.267,27.943,40.651,,,274.0,259.0,255.0,311.0,True,,True
FP1,ANT,Mercedes,26.0,3.0,SOFT,7.0,114.968,28.544,32.751,53.673,,4314.154,233.0,250.0,,283.0,False,,False
FP1,ANT,Mercedes,27.0,4.0,SOFT,8.0,,,30.667,47.165,4436.989,,237.0,249.0,209.0,280.0,False,,False
FP1,ANT,Mercedes,28.0,4.0,SOFT,9.0,130.601,30.68,32.67,67.251,,,195.0,209.0,78.0,257.0,False,,True
FP1,ANT,Mercedes,29.0,4.0,SOFT,10.0,,78.101,32.352,57.949,,,203.0,213.0,58.0,268.0,False,,False
FP1,ANT,Mercedes,30.0,4.0,SOFT,11.0,,79.151,31.431,51.894,,5000.905,238.0,223.0,,270.0,False,,False
FP1,ALO,Aston Martin,1.0,1.0,SOFT,1.0,,,38.468,50.099,881.771,,258.0,216.0,249.0,278.0,False,,False
FP1,ALO,Aston Martin,2.0,1.0,SOFT,2.0,116.395,27.717,33.756,54.922,,1120.612,268.0,199.0,,279.0,False,,False
FP1,ALO,Aston Martin,3.0,2.0,SOFT,3.0,,,32.233,47.937,1927.158,,263.0,248.0,241.0,269.0,False,,False
FP1,ALO,Aston Martin,4.0,2.0,SOFT,4.0,98.579,25.863,29.576,43.14,,,279.0,276.0,249.0,287.0,True,,True
FP1,ALO,Aston Martin,5.0,2.0,SOFT,5.0,113.516,32.235,32.893,48.388,,,230.0,251.0,259.0,269.0,False,,True
FP1,ALO,Aston Martin,6.0,2.0,SOFT,6.0,117.962,25.301,29.85,62.811,,,280.0,273.0,259.0,191.0,False,,True
FP1,ALO,Aston Martin,7.0,2.0,SOFT,7.0,97.329,25.327,29.287,42.715,,,272.0,274.0,251.0,299.0,True,,True
FP1,ALO,Aston Martin,8.0,2.0,SOFT,8.0,115.353,28.846,33.237,53.27,,2576.59,247.0,212.0,,274.0,False,,False
FP1,ALO,Aston Martin,9.0,3.0,SOFT,1.0,,,36.234,49.062,3207.585,,246.0,236.0,262.0,246.0,False,,False
FP1,ALO,Aston Martin,10.0,3.0,SOFT,2.0,96.761,25.266,28.912,42.583,,,281.0,272.0,242.0,299.0,True,,True
FP1,ALO,Aston Martin,11.0,3.0,SOFT,3.0,117.089,31.518,35.532,50.039,,,210.0,247.0,261.0,273.0,False,,True
FP1,ALO,Aston Martin,12.0,3.0,SOFT,4.0,106.905,25.177,28.954,52.774,,3637.987,280.0,272.0,,302.0,False,,False
FP1,ALO,Aston Martin,13.0,4.0,MEDIUM,1.0,,,32.863,55.934,4018.236,,241.0,231.0,263.0,110.0,False,,False
FP1,ALO,Aston Martin,14.0,4.0,MEDIUM,2.0,95.875,24.885,28.886,42.104,,,286.0,274.0,246.0,299.0,True,,True
FP1,ALO,Aston Martin,15.0,4.0,MEDIUM,3.0,122.46,32.577,34.887,54.996,,,124.0,248.0,266.0,262.0,False,,True
FP1,ALO,Aston Martin,16.0,4.0,MEDIUM,4.0,95.856,24.944,28.854,42.058,,,286.0,274.0,251.0,296.0,True,,True
FP1,ALO,Aston Martin,17.0,4.0,MEDIUM,5.0,119.86,32.198,31.692,55.97,,,190.0,219.0,81.0,276.0,False,,True
FP1,ALO,Aston Martin,18.0,4.0,MEDIUM,6.0,,72.152,37.084,60.095,,4735.914,201.0,201.0,,148.0,False,,False
FP1,LEC,Ferrari,1.0,1.0,MEDIUM,1.0,,,36.708,54.228,930.999,,237.0,253.0,271.0,246.0,False,,False
FP1,LEC,Ferrari,2.0,1.0,MEDIUM,2.0,111.963,25.347,32.323,54.293,,,226.0,268.0,270.0,256.0,True,,True
FP1,LEC,Ferrari,3.0,1.0,MEDIUM,3.0,95.543,24.931,29.039,41.573,,,280.0,264.0,256.0,320.0,True,,True
FP1,LEC,Ferrari,4.0,1.0,MEDIUM,4.0,139.602,31.921,48.201,59.48,,,186.0,121.0,274.0,149.0,False,,True
FP1,LEC,Ferrari,5.0,1.0,MEDIUM,5.0,143.39,35.977,44.768,62.645,,,104.0,247.0,272.0,137.0,False,,False
FP1,LEC,Ferrari,6.0,1.0,MEDIUM,6.0,104.477,24.925,29.74,49.812,,,280.0,263.0,273.0,244.0,False,,True
FP1,LEC,Ferrari,7.0,1.0,MEDIUM,7.0,132.394,24.971,40.767,66.656,,,276.0,249.0,250.0,78.0,False,,False
FP1,LEC,Ferrari,8.0,1.0,MEDIUM,8.0,132.975,26.462,46.354,60.159,,,205.0,208.0,273.0,211.0,False,,False
FP1,LEC,Ferrari,9.0,1.0,MEDIUM,9.0,94.707,25.066,28.198,41.443,,,273.0,270.0,257.0,300.0,True,,True
FP1,LEC,Ferrari,10.0,1.0,MEDIUM,10.0,117.652,29.309,32.91,55.433,,,255.0,249.0,275.0,256.0,False,,True
FP1,LEC,Ferrari,11.0,1.0,MEDIUM,11.0,94.409,24.916,28.388,41.105,,,277.0,270.0,256.0,309.0,True,,True
FP1,LEC,Ferrari,12.0,1.0,MEDIUM,12.0,116.563,29.705,32.949,53.909,,2335.79,255.0,254.0,,242.0,False,,False
FP1,LEC,Ferrari,13.0,2.0,MEDIUM,13.0,133.5,60.874,29.06,43.566,2373.914,,285.0,284.0,276.0,291.0,False,,False
FP1,LEC,Ferrari,14.0,2.0,MEDIUM,14.0,95.961,24.971,29.042,41.948,,,278.0,257.0,270.0,298.0,False,,True
FP1,LEC,Ferrari,15.0,2.0,MEDIUM,15.0,96.56,25.46,29.108,41.992,,,274.0,260.0,269.0,300.0,False,,True
FP1,LEC,Ferrari,16.0,2.0,MEDIUM,16.0,96.871,25.64,29.157,42.074,,,271.0,259.0,278.0,306.0,False,,True
FP1,LEC,Ferrari,17.0,2.0,MEDIUM,17.0,102.847,25.505,29.245,48.097,,2861.508,270.0,260.0,,309.0,False,,False
FP1,LEC,Ferrari,18.0,3.0,SOFT,1.0,,,29.976,47.911,3588.044,,278.0,273.0,277.0,246.0,False,,False
FP1,LEC,Ferrari,19.0,3.0,SOFT,2.0,93.599,24.637,28.205,40.757,,,274.0,267.0,257.0,308.0,True,,True
FP1,LEC,Ferrari,20.0,3.0,SOFT,3.0,127.341,31.593,45.152,50.596,,,176.0,169.0,276.0,249.0,False,,True
FP1,LEC,Ferrari,21.0,3.0,SOFT,4.0,113.03,24.598,28.252,60.18,,4024.127,272.0,266.0,,195.0,False,,False
FP1,LEC,Ferrari,22.0,4.0,SOFT,5.0,,73.011,31.271,50.904,4069.763,,242.0,242.0,265.0,231.0,False,,False
FP1,LEC,Ferrari,23.0,4.0,SOFT,6.0,106.884,25.151,34.911,46.822,,,267.0,208.0,277.0,256.0,False,,True
FP1,LEC,Ferrari,24.0,4.0,SOFT,7.0,94.618,24.461,28.235,41.922,,,274.0,269.0,218.0,307.0,False,,True
FP1,LEC,Ferrari,25.0,4.0,SOFT,8.0,112.871,30.217,33.872,48.782,,,239.0,186.0,276.0,281.0,False,,True
FP1,LEC,Ferrari,26.0,4.0,SOFT,9.0,127.253,29.934,35.277,62.042,,,188.0,195.0,63.0,170.0,False,,True
FP1,LEC,Ferrari,27.0,4.0,SOFT,10.0,,67.476,32.65,54.761,,,190.0,225.0,102.0,187.0,False,,False
FP1,LEC,Ferrari,28.0,4.0,SOFT,11.0,147.638,57.313,34.005,56.32,,4923.404,289.0,188.0,,209.0,False,,False
FP1,STR,Aston Martin,1.0,1.0,SOFT,1.0,,,40.823,56.603,927.521,,172.0,231.0,249.0,255.0,False,,False
FP1,STR,Aston Martin,2.0,1.0,SOFT,2.0,104.01,27.726,31.516,44.768,,,269.0,255.0,258.0,295.0,True,,True
FP1,STR,Aston Martin,3.0,1.0,SOFT,3.0,106.98,27.65,32.612,46.718,,,273.0,255.0,230.0,314.0,False,,True
FP1,STR,Aston Martin,4.0,1.0,SOFT,4.0,143.633,35.667,45.608,62.358,,1411.722,197.0,184.0,,257.0,False,,False
FP1,STR,Aston Martin,5.0,2.0,SOFT,5.0,,,39.565,53.487,1991.462,,235.0,235.0,246.0,207.0,False,,False
FP1,STR,Aston Martin,6.0,2.0,SOFT,6.0,100.417,26.592,30.213,43.612,,,277.0,274.0,240.0,286.0,True,,True
FP1,STR,Aston Martin,7.0,2.0,SOFT,7.0,128.384,35.74,40.648,51.996,,,171.0,205.0,248.0,262.0,False,,True
FP1,STR,Aston Martin,8.0,2.0,SOFT,8.0,99.223,25.778,29.465,43.98,,,276.0,274.0,243.0,279.0,True,,True
FP1,STR,Aston Martin,9.0,2.0,SOFT,9.0,138.212,35.175,40.077,62.96,,2581.17,171.0,194.0,,225.0,False,,False
FP1,STR,Aston Martin,10.0,3.0,SOFT,1.0,,,35.612,53.33,2998.002,,244.0,223.0,254.0,200.0,False,,False
FP1,STR,Aston Martin,11.0,3.0,SOFT,2.0,97.267,25.425,29.133,42.709,,,284.0,269.0,246.0,289.0,True,,True
FP1,STR,Aston Martin,12.0,3.0,SOFT,3.0,129.746,37.708,43.117,48.921,,,175.0,229.0,253.0,268.0,False,,True
FP1,STR,Aston Martin,13.0,3.0,SOFT,4.0,97.232,25.377,29.063,42.792,,,280.0,272.0,243.0,289.0,True,,True
FP1,STR,Aston Martin,14.0,3.0,SOFT,5.0,138.064,32.567,36.701,68.796,,3578.25,203.0,221.0,,221.0,False,,False
FP1,STR,Aston Martin,15.0,4.0,MEDIUM,1.0,,,34.787,51.618,3978.025,,230.0,230.0,257.0,231.0,False,,False
FP1,STR,Aston Martin,16.0,4.0,MEDIUM,2.0,146.301,25.411,50.502,70.388,,,281.0,186.0,256.0,249.0,False,,True
FP1,STR,Aston Martin,17.0,4.0,MEDIUM,3.0,97.224,25.709,29.254,42.261,,,280.0,271.0,250.0,303.0,True,,True
FP1,STR,Aston Martin,18.0,4.0,MEDIUM,4.0,139.206,36.941,38.456,63.809,,,175.0,166.0,260.0,241.0,False,,True
FP1,STR,Aston Martin,19.0,4.0,MEDIUM,5.0,122.598,27.84,37.265,57.493,,,234.0,202.0,86.0,219.0,False,,True
FP1,STR,Aston Martin,20.0,4.0,MEDIUM,6.0,,66.251,33.597,59.811,,4763.752,283.0,213.0,,147.0,False,,False
FP1,ALB,Williams,1.0,1.0,MEDIUM,1.0,,,37.198,55.514,908.642,,252.0,246.0,259.0,257.0,False,,False
FP1,ALB,Williams,2.0,1.0,MEDIUM,2.0,107.953,27.35,32.25,48.353,,,272.0,258.0,269.0,260.0,True,,True
FP1,ALB,Williams,3.0,1.0,MEDIUM,3.0,97.771,25.762,29.648,42.361,,,284.0,267.0,248.0,314.0,True,,True
FP1,ALB,Williams,4.0,1.0,MEDIUM,4.0,119.701,31.831,35.859,52.011,,,215.0,250.0,273.0,294.0,False,,True
FP1,ALB,Williams,5.0,1.0,MEDIUM,5.0,134.654,25.32,36.828,72.506,,,285.0,184.0,272.0,188.0,False,,False
FP1,ALB,Williams,6.0,1.0,MEDIUM,6.0,96.738,25.233,29.43,42.075,,,280.0,267.0,253.0,314.0,True,,True
FP1,ALB,Williams,7.0,1.0,MEDIUM,7.0,,32.662,35.085,86.955,,,201.0,225.0,217.0,98.0,False,,False
FP1,ALB,Williams,8.0,1.0,MEDIUM,8.0,118.072,29.716,34.425,53.931,,,266.0,237.0,246.0,280.0,False,,False
FP1,ALB,Williams,9.0,1.0,MEDIUM,9.0,111.485,29.463,31.67,50.352,,,259.0,256.0,272.0,256.0,False,,False
FP1,ALB,Williams,10.0,1.0,MEDIUM,10.0,107.384,26.337,31.662,49.385,,,272.0,262.0,274.0,283.0,False,,True
FP1,ALB,Williams,11.0,1.0,MEDIUM,11.0,96.494,25.366,29.302,41.826,,,279.0,268.0,253.0,313.0,True,,True
FP1,ALB,Williams,12.0,1.0,MEDIUM,12.0,118.202,29.007,35.837,53.358,,2308.959,235.0,253.0,,273.0,False,,False
FP1,ALB,Williams,13.0,2.0,MEDIUM,13.0,,73.819,33.255,60.754,2355.587,2476.616,255.0,253.0,,199.0,False,,False
FP1,ALB,Williams,14.0,3.0,MEDIUM,14.0,,73.576,35.359,45.832,2520.162,,260.0,252.0,256.0,292.0,False,,False
FP1,ALB,Williams,15.0,3.0,MEDIUM,15.0,98.108,25.971,29.77,42.367,,,286.0,266.0,272.0,329.0,False,,True
FP1,ALB,Williams,16.0,3.0,MEDIUM,16.0,98.268,26.111,29.698,42.459,,,279.0,259.0,269.0,316.0,False,,True
FP1,ALB,Williams,17.0,3.0,MEDIUM,17.0,98.301,26.127,29.802,42.372,,,278.0,263.0,269.0,317.0,False,,True
FP1,ALB,Williams,18.0,3.0,MEDIUM,18.0,99.37,26.099,30.071,43.2,,,279.0,267.0,264.0,314.0,False,,True
FP1,ALB,Williams,19.0,3.0,MEDIUM,19.0,98.751,26.157,29.888,42.706,,,279.0,265.0,272.0,307.0,False,,True
FP1,ALB,Williams,20.0,3.0,MEDIUM,20.0,98.304,26.098,29.732,42.474,,,279.0,269.0,273.0,308.0,False,,True
FP1,ALB,Williams,21.0,3.0,MEDIUM,21.0,109.038,26.127,30.071,52.84,,3331.629,280.0,269.0,,242.0,False,,False
FP1,ALB,Williams,22.0,4.0,SOFT,1.0,,,38.311,58.87,3758.341,,212.0,215.0,211.0,130.0,False,,False
FP1,ALB,Williams,23.0,4.0,SOFT,2.0,112.296,30.663,33.781,47.852,,,263.0,251.0,267.0,261.0,False,,True
FP1,ALB,Williams,24.0,4.0,SOFT,3.0,116.493,30.127,35.519,50.847,,,169.0,262.0,274.0,228.0,False,,True
FP1,ALB,Williams,25.0,4.0,SOFT,4.0,95.48,24.941,29.038,41.501,,,283.0,270.0,257.0,317.0,True,,True
FP1,ALB,Williams,26.0,4.0,SOFT,5.0,127.053,34.421,38.886,53.746,,,183.0,179.0,274.0,292.0,False,,True
FP1,ALB,Williams,27.0,4.0,SOFT,6.0,95.572,25.153,28.957,41.462,,,284.0,272.0,256.0,316.0,False,,True
FP1,ALB,Williams,28.0,4.0,SOFT,7.0,117.564,30.81,35.906,50.848,,,221.0,192.0,270.0,289.0,False,,True
FP1,ALB,Williams,29.0,4.0,SOFT,8.0,119.084,25.497,29.078,64.509,,,283.0,269.0,53.0,248.0,False,,True
FP1,ALB,Williams,30.0,4.0,SOFT,9.0,,75.859,35.62,61.911,,,274.0,204.0,64.0,216.0,False,,False
FP1,ALB,Williams,31.0,4.0,SOFT,10.0,139.51,58.919,30.159,50.432,,4986.358,266.0,254.0,,298.0,False,,False
FP1,HUL,Audi,1.0,1.0,MEDIUM,1.0,,,33.165,53.524,861.239,,243.0,255.0,271.0,274.0,False,,False
FP1,HUL,Audi,2.0,1.0,MEDIUM,2.0,99.64,26.724,30.242,42.674,,,286.0,269.0,273.0,313.0,True,,True
FP1,HUL,Audi,3.0,1.0,MEDIUM,3.0,123.273,35.35,40.52,47.403,,,155.0,257.0,271.0,259.0,False,,True
FP1,HUL,Audi,4.0,1.0,MEDIUM,4.0,99.307,25.42,29.087,44.8,,,295.0,283.0,260.0,300.0,True,,True
FP1,HUL,Audi,5.0,1.0,MEDIUM,5.0,108.563,32.136,30.954,45.473,,,273.0,259.0,275.0,268.0,False,,True
FP1,HUL,Audi,6.0,1.0,MEDIUM,6.0,136.571,38.556,43.691,54.324,,1545.047,177.0,179.0,,279.0,False,,False
FP1,HUL,Audi,7.0,2.0,MEDIUM,7.0,,,32.216,56.236,1934.111,,252.0,185.0,272.0,258.0,False,,False
FP1,HUL,Audi,8.0,2.0,MEDIUM,8.0,105.31,25.471,29.368,50.471,,2152.608,289.0,282.0,,312.0,False,,False
FP1,HUL,Audi,9.0,3.0,MEDIUM,9.0,,,30.968,45.737,2504.715,,250.0,245.0,272.0,263.0,False,,False
FP1,HUL,Audi,10.0,3.0,MEDIUM,10.0,96.074,25.361,29.016,41.697,,,288.0,281.0,255.0,313.0,True,,True
FP1,HUL,Audi,11.0,3.0,MEDIUM,11.0,113.219,28.818,32.071,52.33,,2815.591,267.0,253.0,,287.0,False,,False
FP1,HUL,Audi,12.0,4.0,MEDIUM,12.0,130.408,51.912,33.662,44.834,2843.914,,267.0,251.0,274.0,276.0,False,,False
FP1,HUL,Audi,13.0,4.0,MEDIUM,13.0,96.128,25.296,29.097,41.735,,,289.0,280.0,243.0,313.0,False,,True
FP1,HUL,Audi,14.0,4.0,MEDIUM,14.0,110.693,29.462,35.599,45.632,,,210.0,237.0,275.0,296.0,False,,True
FP1,HUL,Audi,15.0,4.0,MEDIUM,15.0,98.679,25.894,30.485,42.3,,,277.0,261.0,275.0,315.0,False,,True
FP1,HUL,Audi,16.0,4.0,MEDIUM,16.0,97.733,25.634,29.832,42.267,,,281.0,268.0,272.0,310.0,False,,True
FP1,HUL,Audi,17.0,4.0,MEDIUM,17.0,104.178,25.839,29.912,48.427,,3453.414,278.0,266.0,,304.0,False,,False
FP1,HUL,Audi,18.0,5.0,SOFT,1.0,,,33.743,50.286,3752.355,,243.0,245.0,251.0,280.0,False,,False
FP1,HUL,Audi,19.0,5.0,SOFT,2.0,104.026,27.723,30.572,45.731,,,257.0,258.0,258.0,288.0,False,,True
FP1,HUL,Audi,20.0,5.0,SOFT,3.0,94.925,25.1,28.499,41.326,,,286.0,280.0,267.0,311.0,True,,True
FP1,HUL,Audi,21.0,5.0,SOFT,4.0,121.773,30.494,35.869,55.41,,,209.0,253.0,274.0,215.0,False,,True
FP1,HUL,Audi,22.0,5.0,SOFT,5.0,94.639,24.951,28.682,41.006,,,287.0,282.0,266.0,306.0,True,,True
FP1,HUL,Audi,23.0,5.0,SOFT,6.0,124.608,30.698,39.575,54.335,,,190.0,170.0,267.0,225.0,False,,True
FP1,HUL,Audi,24.0,5.0,SOFT,7.0,95.066,25.165,28.9,41.001,,,287.0,281.0,256.0,313.0,False,,True
FP1,HUL,Audi,25.0,5.0,SOFT,8.0,134.292,30.295,38.151,65.846,,,186.0,200.0,62.0,223.0,False,,True
FP1,HUL,Audi,26.0,5.0,SOFT,9.0,146.973,58.922,32.072,55.979,,,248.0,241.0,54.0,215.0,False,,True
FP1,HUL,Audi,27.0,5.0,SOFT,10.0,139.911,58.381,31.611,49.919,,4920.342,259.0,253.0,,291.0,False,,False
FP1,LAW,Racing Bulls,1.0,1.0,MEDIUM,1.0,,,33.682,59.674,936.156,,263.0,261.0,241.0,246.0,False,,False
FP1,LAW,Racing Bulls,2.0,1.0,MEDIUM,2.0,102.06,27.563,30.294,44.203,,,280.0,269.0,272.0,315.0,True,,True
FP1,LAW,Racing Bulls,3.0,1.0,MEDIUM,3.0,99.239,25.877,30.231,43.131,,,283.0,276.0,278.0,315.0,True,,True
FP1,LAW,Racing Bulls,4.0,1.0,MEDIUM,4.0,127.571,25.764,41.868,59.939,,,277.0,165.0,276.0,234.0,False,,True
FP1,LAW,Racing Bulls,5.0,1.0,MEDIUM,5.0,138.913,31.177,43.859,63.877,,,190.0,131.0,272.0,188.0,False,,False
FP1,LAW,Racing Bulls,6.0,1.0,MEDIUM,6.0,96.755,25.407,29.443,41.905,,,297.0,286.0,261.0,306.0,True,,True
FP1,LAW,Racing Bulls,7.0,1.0,MEDIUM,7.0,139.006,29.77,40.104,69.132,,,190.0,170.0,210.0,127.0,False,,False
FP1,LAW,Racing Bulls,8.0,1.0,MEDIUM,8.0,126.944,29.075,38.091,59.778,,,246.0,145.0,159.0,185.0,False,,False
FP1,LAW,Racing Bulls,9.0,1.0,MEDIUM,9.0,111.148,31.204,32.786,47.158,,,243.0,247.0,278.0,253.0,False,,False
FP1,LAW,Racing Bulls,10.0,1.0,MEDIUM,10.0,95.656,25.059,28.878,41.719,,,298.0,290.0,259.0,303.0,True,,True
FP1,LAW,Racing Bulls,11.0,1.0,MEDIUM,11.0,123.208,28.028,33.518,61.662,,2223.943,238.0,249.0,,106.0,False,,False
FP1,LAW,Racing Bulls,12.0,2.0,MEDIUM,12.0,,,30.896,43.221,2558.777,,276.0,266.0,274.0,307.0,False,,False
FP1,LAW,Racing Bulls,13.0,2.0,MEDIUM,13.0,99.432,26.064,30.261,43.107,,,275.0,265.0,275.0,310.0,False,,True
FP1,LAW,Racing Bulls,14.0,2.0,MEDIUM,14.0,99.007,25.897,30.114,42.996,,,274.0,256.0,277.0,309.0,False,,True
FP1,LAW,Racing Bulls,15.0,2.0,MEDIUM,15.0,100.533,26.502,30.933,43.098,,,284.0,267.0,274.0,315.0,False,,True
FP1,LAW,Racing Bulls,16.0,2.0,MEDIUM,16.0,99.343,25.936,30.397,43.01,,,277.0,256.0,276.0,310.0,False,,True
FP1,LAW,Racing Bulls,17.0,2.0,MEDIUM,17.0,99.285,26.045,30.341,42.899,,,278.0,262.0,276.0,325.0,False,,True
FP1,LAW,Racing Bulls,18.0,2.0,MEDIUM,18.0,99.316,26.031,30.427,42.858,,,277.0,261.0,271.0,330.0,False,,True
FP1,LAW,Racing Bulls,19.0,2.0,MEDIUM,19.0,99.602,26.259,30.402,42.941,,,272.0,262.0,272.0,325.0,False,,True
FP1,LAW,Racing Bulls,20.0,2.0,MEDIUM,20.0,104.968,26.199,30.533,48.236,,3458.064,276.0,264.0,,311.0,False,,False
FP1,LAW,Racing Bulls,21.0,3.0,SOFT,1.0,,,32.603,51.609,3750.52,,247.0,252.0,275.0,250.0,False,,False
FP1,LAW,Racing Bulls,22.0,3.0,SOFT,2.0,95.286,25.038,29.104,41.144,,,296.0,291.0,266.0,316.0,True,,True
FP1,LAW,Racing Bulls,23.0,3.0,SOFT,3.0,110.349,28.307,33.684,48.358,,,239.0,248.0,280.0,275.0,False,,True
FP1,LAW,Racing Bulls,24.0,3.0,SOFT,4.0,94.773,24.721,28.964,41.088,,,300.0,288.0,262.0,317.0,True,,True
FP1,LAW,Racing Bulls,25.0,3.0,SOFT,5.0,115.914,28.202,33.749,53.963,,4278.349,237.0,199.0,,270.0,False,,False
FP1,LAW,Racing Bulls,26.0,4.0,MEDIUM,21.0,,,32.726,48.861,4355.177,,253.0,241.0,241.0,173.0,False,,False
FP1,LAW,Racing Bulls,27.0,4.0,MEDIUM,22.0,115.56,29.051,32.193,54.316,,,249.0,236.0,71.0,256.0,False,,True
FP1,LAW,Racing Bulls,28.0,4.0,MEDIUM,23.0,,76.85,34.296,60.273,,,256.0,249.0,56.0,216.0,False,,False
FP1,LAW,Racing Bulls,29.0,4.0,MEDIUM,24.0,,71.617,32.336,52.604,,4905.672,255.0,235.0,,291.0,False,,False
FP1,OCO,Haas F1 Team,1.0,1.0,MEDIUM,1.0,,,35.679,49.456,850.114,,185.0,216.0,251.0,251.0,False,,False
FP1,OCO,Haas F1 Team,2.0,1.0,MEDIUM,2.0,117.465,28.581,33.48,55.404,,,276.0,241.0,270.0,286.0,True,,True
FP1,OCO,Haas F1 Team,3.0,1.0,MEDIUM,3.0,98.726,26.008,29.424,43.294,,,271.0,267.0,249.0,299.0,True,,True
FP1,OCO,Haas F1 Team,4.0,1.0,MEDIUM,4.0,127.128,30.891,37.714,58.523,,1309.513,193.0,258.0,,275.0,False,,False
FP1,OCO,Haas F1 Team,5.0,2.0,MEDIUM,5.0,,,41.87,69.658,1648.928,1787.601,266.0,207.0,,219.0,False,,False
FP1,OCO,Haas F1 Team,6.0,3.0,MEDIUM,6.0,,,31.104,54.849,1931.002,,266.0,258.0,270.0,266.0,False,,False
FP1,OCO,Haas F1 Team,7.0,3.0,MEDIUM,7.0,96.542,25.477,28.97,42.095,,,268.0,272.0,253.0,297.0,True,,True
FP1,OCO,Haas F1 Team,8.0,3.0,MEDIUM,8.0,118.213,30.169,36.509,51.535,,,195.0,267.0,270.0,278.0,False,,True
FP1,OCO,Haas F1 Team,9.0,3.0,MEDIUM,9.0,95.781,25.099,28.704,41.978,,,266.0,274.0,251.0,299.0,True,,True
FP1,OCO,Haas F1 Team,10.0,3.0,MEDIUM,10.0,119.902,27.447,30.485,61.97,,2472.309,250.0,272.0,,280.0,False,,False
FP1,OCO,Haas F1 Team,11.0,4.0,MEDIUM,11.0,,,30.164,43.098,2669.691,,271.0,265.0,272.0,305.0,False,,False
FP1,OCO,Haas F1 Team,12.0,4.0,MEDIUM,12.0,97.501,25.563,29.375,42.563,,,267.0,259.0,266.0,298.0,False,,True
FP1,OCO,Haas F1 Team,13.0,4.0,MEDIUM,13.0,97.571,25.882,29.356,42.333,,,266.0,262.0,270.0,300.0,False,,True
FP1,OCO,Haas F1 Team,14.0,4.0,MEDIUM,14.0,97.875,25.693,29.541,42.641,,,272.0,261.0,268.0,300.0,False,,True
FP1,OCO,Haas F1 Team,15.0,4.0,MEDIUM,15.0,98.378,25.962,29.884,42.532,,,273.0,259.0,273.0,305.0,False,,True
FP1,OCO,Haas F1 Team,16.0,4.0,MEDIUM,16.0,134.199,28.113,40.428,65.658,,3295.75,226.0,136.0,,238.0,False,,False
FP1,OCO,Haas F1 Team,17.0,5.0,SOFT,1.0,,,33.486,47.741,3835.507,,223.0,275.0,275.0,255.0,False,,False
FP1,OCO,Haas F1 Team,18.0,5.0,SOFT,2.0,94.877,24.895,28.435,41.547,,,273.0,273.0,262.0,301.0,True,,True
FP1,OCO,Haas F1 Team,19.0,5.0,SOFT,3.0,137.43,31.877,43.833,61.72,,4174.094,156.0,184.0,,165.0,False,,False
FP1,OCO,Haas F1 Team,20.0,6.0,SOFT,4.0,141.583,48.603,39.245,53.735,4193.461,,200.0,170.0,272.0,277.0,False,,False
FP1,OCO,Haas F1 Team,21.0,6.0,SOFT,5.0,95.249,25.22,28.638,41.391,,,270.0,273.0,261.0,301.0,False,,True
FP1,OCO,Haas F1 Team,22.0,6.0,SOFT,6.0,118.473,31.67,36.429,50.374,,,176.0,190.0,222.0,246.0,False,,True
FP1,OCO,Haas F1 Team,23.0,6.0,SOFT,7.0,124.518,29.315,33.524,61.679,,,226.0,252.0,55.0,200.0,False,,True
FP1,OCO,Haas F1 Team,24.0,6.0,SOFT,8.0,,74.195,31.433,61.303,,,262.0,247.0,64.0,252.0,False,,False
FP1,OCO,Haas F1 Team,25.0,6.0,SOFT,9.0,137.744,58.116,30.016,49.612,,4958.592,268.0,261.0,,299.0,False,,False
FP1,LIN,Racing Bulls,1.0,1.0,MEDIUM,1.0,,,35.135,54.09,940.812,,232.0,236.0,271.0,219.0,False,,False
FP1,LIN,Racing Bulls,2.0,1.0,MEDIUM,2.0,103.61,26.498,30.822,46.29,,,283.0,271.0,275.0,318.0,True,,True
FP1,LIN,Racing Bulls,3.0,1.0,MEDIUM,3.0,97.896,25.753,29.525,42.618,,,280.0,273.0,276.0,317.0,True,,True
FP1,LIN,Racing Bulls,4.0,1.0,MEDIUM,4.0,113.404,25.633,32.099,55.672,,,279.0,185.0,274.0,265.0,False,,True
FP1,LIN,Racing Bulls,5.0,1.0,MEDIUM,5.0,140.215,25.133,43.319,71.763,,,294.0,226.0,272.0,243.0,False,,False
FP1,LIN,Racing Bulls,6.0,1.0,MEDIUM,6.0,,25.183,29.157,,,5013.811,292.0,282.0,,122.0,False,,False
FP1,COL,Alpine,1.0,1.0,MEDIUM,1.0,,,53.018,49.693,875.106,,228.0,240.0,246.0,263.0,False,,False
FP1,COL,Alpine,2.0,1.0,MEDIUM,2.0,111.177,28.394,33.075,49.708,,,250.0,248.0,273.0,258.0,True,,True
FP1,COL,Alpine,3.0,1.0,MEDIUM,3.0,98.371,25.749,29.883,42.739,,,280.0,269.0,243.0,313.0,True,,True
FP1,COL,Alpine,4.0,1.0,MEDIUM,4.0,140.183,36.371,48.509,55.303,,,164.0,188.0,271.0,255.0,False,,True
FP1,COL,Alpine,5.0,1.0,MEDIUM,5.0,132.527,25.598,31.168,75.761,,,277.0,106.0,271.0,127.0,False,,False
FP1,COL,Alpine,6.0,1.0,MEDIUM,6.0,96.767,25.42,29.297,42.05,,,278.0,267.0,248.0,308.0,True,,True
FP1,COL,Alpine,7.0,1.0,MEDIUM,7.0,,35.82,42.118,90.926,,,149.0,247.0,219.0,90.0,False,,False
FP1,COL,Alpine,8.0,1.0,MEDIUM,8.0,118.088,29.795,33.308,54.985,,,256.0,249.0,250.0,256.0,False,,False
FP1,COL,Alpine,9.0,1.0,MEDIUM,9.0,106.938,27.006,30.09,49.842,,,275.0,274.0,251.0,252.0,False,,False
FP1,COL,Alpine,10.0,1.0,MEDIUM,10.0,96.176,25.556,29.11,41.51,,,279.0,270.0,251.0,311.0,True,,True
FP1,COL,Alpine,11.0,1.0,MEDIUM,11.0,112.295,28.994,33.029,50.272,,2189.934,239.0,254.0,,285.0,False,,False
FP1,COL,Alpine,12.0,2.0,MEDIUM,12.0,,,33.157,46.941,2736.597,,251.0,248.0,270.0,296.0,False,,False
FP1,COL,Alpine,13.0,2.0,MEDIUM,13.0,98.994,26.404,30.039,42.551,,,275.0,260.0,267.0,314.0,False,,True
FP1,COL,Alpine,14.0,2.0,MEDIUM,14.0,98.678,26.227,30.166,42.285,,,271.0,254.0,268.0,310.0,False,,True
FP1,COL,Alpine,15.0,2.0,MEDIUM,15.0,99.098,26.136,30.113,42.849,,,274.0,260.0,268.0,303.0,False,,True
FP1,COL,Alpine,16.0,2.0,MEDIUM,16.0,98.369,26.054,29.872,42.443,,,272.0,254.0,266.0,303.0,False,,True
FP1,COL,Alpine,17.0,2.0,MEDIUM,17.0,98.507,26.132,29.852,42.523,,,274.0,259.0,270.0,311.0,False,,True
FP1,COL,Alpine,18.0,2.0,MEDIUM,18.0,98.551,26.184,29.84,42.527,,,275.0,259.0,270.0,313.0,False,,True
FP1,COL,Alpine,19.0,2.0,MEDIUM,19.0,107.299,26.437,30.427,50.435,,3549.828,271.0,262.0,,312.0,False,,False
FP1,COL,Alpine,20.0,3.0,SOFT,1.0,,,34.598,48.778,4042.816,,236.0,170.0,273.0,249.0,False,,False
FP1,COL,Alpine,21.0,3.0,SOFT,2.0,95.267,25.161,28.782,41.324,,,284.0,273.0,258.0,313.0,True,,True
FP1,COL,Alpine,22.0,3.0,SOFT,3.0,147.564,42.744,50.835,53.985,,,107.0,221.0,268.0,272.0,False,,True
FP1,COL,Alpine,23.0,3.0,SOFT,4.0,94.947,25.088,28.757,41.102,,,282.0,275.0,260.0,316.0,True,,True
FP1,COL,Alpine,24.0,3.0,SOFT,5.0,136.571,29.975,38.075,68.521,,,182.0,170.0,69.0,199.0,False,,True
FP1,COL,Alpine,25.0,3.0,SOFT,6.0,,68.734,32.983,55.732,,,282.0,268.0,70.0,191.0,False,,False
FP1,COL,Alpine,26.0,3.0,SOFT,7.0,135.779,58.052,30.131,47.596,,4924.107,281.0,281.0,,314.0,False,,False
FP1,HAM,Ferrari,1.0,1.0,MEDIUM,1.0,,,34.146,61.643,890.64,,260.0,258.0,252.0,168.0,False,,False
FP1,HAM,Ferrari,2.0,1.0,MEDIUM,2.0,136.972,25.861,54.795,56.316,,,283.0,226.0,267.0,234.0,False,,True
FP1,HAM,Ferrari,3.0,1.0,MEDIUM,3.0,98.535,26.279,29.748,42.508,,,271.0,265.0,249.0,309.0,True,,True
FP1,HAM,Ferrari,4.0,1.0,MEDIUM,4.0,128.78,33.054,39.811,55.915,,,185.0,201.0,260.0,254.0,False,,True
FP1,HAM,Ferrari,5.0,1.0,MEDIUM,5.0,139.966,27.493,49.135,63.338,,,114.0,122.0,268.0,198.0,False,,False
FP1,HAM,Ferrari,6.0,1.0,MEDIUM,6.0,96.108,25.343,28.92,41.845,,,272.0,271.0,255.0,316.0,True,,True
FP1,HAM,Ferrari,7.0,1.0,MEDIUM,7.0,149.268,32.061,43.11,74.097,,1773.464,198.0,170.0,,137.0,False,,False
FP1,HAM,Ferrari,8.0,2.0,SOFT,1.0,,,32.417,48.72,2314.053,,258.0,260.0,270.0,271.0,False,,False
FP1,HAM,Ferrari,9.0,2.0,SOFT,2.0,94.985,25.106,28.519,41.36,,,269.0,273.0,257.0,310.0,True,,True
FP1,HAM,Ferrari,10.0,2.0,SOFT,3.0,,42.455,54.834,56.628,,,145.0,167.0,272.0,256.0,False,,False
FP1,HAM,Ferrari,11.0,2.0,SOFT,4.0,94.617,24.917,28.499,41.201,,,276.0,269.0,258.0,314.0,True,,True
FP1,HAM,Ferrari,12.0,2.0,SOFT,5.0,149.56,47.175,53.535,48.85,,,113.0,256.0,275.0,261.0,False,,True
FP1,HAM,Ferrari,13.0,2.0,SOFT,6.0,94.377,24.841,28.335,41.201,,,277.0,273.0,259.0,309.0,True,,True
FP1,HAM,Ferrari,14.0,2.0,SOFT,7.0,,45.326,51.372,68.515,,3172.576,118.0,234.0,,175.0,False,,False
FP1,HAM,Ferrari,15.0,3.0,SOFT,8.0,,73.102,31.485,48.162,3218.829,,237.0,242.0,239.0,240.0,False,,False
FP1,HAM,Ferrari,16.0,3.0,SOFT,9.0,106.471,28.678,30.525,47.268,,,270.0,264.0,274.0,256.0,False,,True
FP1,HAM,Ferrari,17.0,3.0,SOFT,10.0,106.44,24.977,31.535,49.928,,,276.0,263.0,275.0,259.0,False,,True
FP1,HAM,Ferrari,18.0,3.0,SOFT,11.0,109.922,26.108,34.632,49.182,,,260.0,240.0,274.0,256.0,False,,True
FP1,HAM,Ferrari,19.0,3.0,SOFT,12.0,94.299,24.915,28.118,41.266,,,274.0,273.0,259.0,302.0,True,,True
FP1,HAM,Ferrari,20.0,3.0,SOFT,13.0,116.335,29.363,37.161,49.811,,,242.0,243.0,274.0,253.0,False,,True
FP1,HAM,Ferrari,21.0,3.0,SOFT,14.0,94.129,24.913,28.099,41.117,,,276.0,275.0,261.0,303.0,True,,True
FP1,HAM,Ferrari,22.0,3.0,SOFT,15.0,109.235,26.615,32.196,50.424,,4062.15,262.0,268.0,,280.0,False,,False
FP1,HAM,Ferrari,23.0,4.0,SOFT,16.0,,,31.732,47.945,4416.755,,249.0,239.0,273.0,233.0,False,,False
FP1,HAM,Ferrari,24.0,4.0,SOFT,17.0,122.75,24.94,35.208,62.602,,,270.0,225.0,60.0,180.0,False,,True
FP1,HAM,Ferrari,25.0,4.0,SOFT,18.0,,60.738,35.805,65.077,,,233.0,193.0,77.0,155.0,False,,False
FP1,HAM,Ferrari,26.0,4.0,SOFT,19.0,145.051,52.136,29.65,63.265,,4951.076,282.0,252.0,,318.0,False,,False
FP1,SAI,Williams,1.0,1.0,MEDIUM,1.0,,,34.444,55.201,929.25,1049.845,241.0,250.0,,265.0,False,,False
FP1,SAI,Williams,2.0,2.0,MEDIUM,2.0,,,31.65,47.114,3044.375,,237.0,252.0,269.0,285.0,False,,False
FP1,SAI,Williams,3.0,2.0,MEDIUM,3.0,108.785,26.043,30.518,52.224,,,280.0,260.0,269.0,214.0,True,,True
FP1,SAI,Williams,4.0,2.0,MEDIUM,4.0,97.055,25.404,29.481,42.17,,,280.0,268.0,246.0,317.0,True,,True
FP1,SAI,Williams,5.0,2.0,MEDIUM,5.0,111.877,29.083,32.371,50.423,,,248.0,258.0,272.0,278.0,False,,True
FP1,SAI,Williams,6.0,2.0,MEDIUM,6.0,96.648,25.32,29.438,41.89,,,278.0,268.0,249.0,318.0,True,,True
FP1,SAI,Williams,7.0,2.0,MEDIUM,7.0,113.396,31.934,33.815,47.647,,,233.0,254.0,254.0,286.0,False,,True
FP1,SAI,Williams,8.0,2.0,MEDIUM,8.0,103.423,28.191,30.524,44.708,,,268.0,262.0,274.0,284.0,False,,True
FP1,SAI,Williams,9.0,2.0,MEDIUM,9.0,104.238,25.416,29.392,49.43,,3887.054,277.0,268.0,,295.0,False,,False
FP1,SAI,Williams,10.0,3.0,SOFT,1.0,128.525,51.181,31.256,46.088,3912.144,,275.0,262.0,273.0,281.0,False,,False
FP1,SAI,Williams,11.0,3.0,SOFT,2.0,108.033,26.291,31.136,50.606,,,277.0,264.0,274.0,270.0,False,,True
FP1,SAI,Williams,12.0,3.0,SOFT,3.0,95.679,24.903,29.049,41.727,,,282.0,272.0,251.0,314.0,True,,True
FP1,SAI,Williams,13.0,3.0,SOFT,4.0,117.104,33.493,37.798,45.813,,,235.0,177.0,273.0,303.0,False,,True
FP1,SAI,Williams,14.0,3.0,SOFT,5.0,95.697,25.092,29.036,41.569,,,281.0,270.0,251.0,314.0,False,,True
FP1,SAI,Williams,15.0,3.0,SOFT,6.0,114.985,33.142,35.295,46.548,,,203.0,258.0,256.0,270.0,False,,True
FP1,SAI,Williams,16.0,3.0,SOFT,7.0,114.957,25.45,32.947,56.56,,,283.0,238.0,63.0,266.0,False,,True
FP1,SAI,Williams,17.0,3.0,SOFT,8.0,,73.848,30.853,53.974,,,283.0,251.0,63.0,290.0,False,,False
FP1,SAI,Williams,18.0,3.0,SOFT,9.0,,67.529,32.411,53.212,,4973.889,199.0,258.0,,237.0,False,,False
FP1,RUS,Mercedes,1.0,1.0,MEDIUM,1.0,,,32.476,47.315,854.693,,246.0,246.0,246.0,244.0,False,,False
FP1,RUS,Mercedes,2.0,1.0,MEDIUM,2.0,102.309,27.225,30.138,44.946,,,249.0,246.0,275.0,283.0,True,,True
FP1,RUS,Mercedes,3.0,1.0,MEDIUM,3.0,103.43,24.947,29.696,48.787,,,285.0,276.0,197.0,274.0,False,,True
FP1,RUS,Mercedes,4.0,1.0,MEDIUM,4.0,118.602,33.988,35.069,49.545,,,282.0,254.0,272.0,310.0,False,,True
FP1,RUS,Mercedes,5.0,1.0,MEDIUM,5.0,95.065,24.799,28.557,41.709,,,280.0,271.0,248.0,312.0,True,,True
FP1,RUS,Mercedes,6.0,1.0,MEDIUM,6.0,131.902,34.349,46.716,50.837,,,137.0,172.0,278.0,315.0,False,,False
FP1,RUS,Mercedes,7.0,1.0,MEDIUM,7.0,94.169,24.572,28.333,41.264,,,279.0,269.0,252.0,312.0,True,,True
FP1,RUS,Mercedes,8.0,1.0,MEDIUM,8.0,,28.223,35.988,92.358,,1763.055,248.0,172.0,,91.0,False,,False
FP1,RUS,Mercedes,9.0,2.0,MEDIUM,9.0,,,32.899,45.419,2193.824,,240.0,238.0,274.0,280.0,False,,False
FP1,RUS,Mercedes,10.0,2.0,MEDIUM,10.0,96.771,25.333,29.376,42.062,,,271.0,259.0,267.0,304.0,False,,True
FP1,RUS,Mercedes,11.0,2.0,MEDIUM,11.0,96.393,25.435,29.132,41.826,,,268.0,256.0,266.0,302.0,False,,True
FP1,RUS,Mercedes,12.0,2.0,MEDIUM,12.0,96.007,25.571,28.862,41.574,,,269.0,257.0,268.0,303.0,False,,True
FP1,RUS,Mercedes,13.0,2.0,MEDIUM,13.0,95.668,25.459,28.715,41.494,,,271.0,256.0,271.0,303.0,False,,True
FP1,RUS,Mercedes,14.0,2.0,MEDIUM,14.0,96.252,25.422,29.216,41.614,,,271.0,258.0,270.0,307.0,False,,True
FP1,RUS,Mercedes,15.0,2.0,MEDIUM,15.0,96.315,25.533,29.079,41.703,,,273.0,258.0,271.0,306.0,False,,True
FP1,RUS,Mercedes,16.0,2.0,MEDIUM,16.0,96.475,25.543,28.971,41.961,,,272.0,258.0,275.0,316.0,False,,True
FP1,RUS,Mercedes,17.0,2.0,MEDIUM,17.0,97.76,25.666,29.648,42.446,,,277.0,258.0,262.0,335.0,False,,True
FP1,RUS,Mercedes,18.0,2.0,MEDIUM,18.0,97.492,25.896,29.487,42.109,,,270.0,254.0,272.0,304.0,False,,True
FP1,RUS,Mercedes,19.0,2.0,MEDIUM,19.0,103.457,25.587,29.353,48.517,,3271.518,273.0,255.0,,295.0,False,,False
FP1,RUS,Mercedes,20.0,3.0,SOFT,1.0,,,30.768,45.293,3522.053,,256.0,241.0,276.0,256.0,False,,False
FP1,RUS,Mercedes,21.0,3.0,SOFT,2.0,92.807,24.315,27.976,40.516,,,268.0,262.0,254.0,305.0,True,,True
FP1,RUS,Mercedes,22.0,3.0,SOFT,3.0,119.596,30.868,38.431,50.297,,,237.0,220.0,277.0,273.0,False,,True
FP1,RUS,Mercedes,23.0,3.0,SOFT,4.0,92.741,24.414,27.911,40.416,,,268.0,271.0,257.0,311.0,True,,True
FP1,RUS,Mercedes,24.0,3.0,SOFT,5.0,125.037,37.28,39.253,48.504,,,173.0,253.0,279.0,261.0,False,,True
FP1,RUS,Mercedes,25.0,3.0,SOFT,6.0,102.354,24.38,27.985,49.989,,4157.482,276.0,271.0,,286.0,False,,False
FP1,RUS,Mercedes,26.0,4.0,SOFT,7.0,,,32.338,49.558,4425.114,,205.0,245.0,200.0,250.0,False,,False
FP1,RUS,Mercedes,27.0,4.0,SOFT,8.0,133.122,30.895,31.446,70.781,,,215.0,231.0,61.0,252.0,False,,True
FP1,RUS,Mercedes,28.0,4.0,SOFT,9.0,,74.878,33.805,67.807,,,273.0,250.0,86.0,256.0,False,,False
FP1,RUS,Mercedes,29.0,4.0,SOFT,10.0,134.914,57.605,29.143,48.166,,4979.279,281.0,258.0,,301.0,False,,False
FP1,BOT,Cadillac,1.0,1.0,MEDIUM,1.0,,,36.328,58.972,932.701,,243.0,246.0,267.0,249.0,False,,False
FP1,BOT,Cadillac,2.0,1.0,MEDIUM,2.0,106.738,26.668,30.534,49.536,,,276.0,267.0,260.0,271.0,True,,True
FP1,BOT,Cadillac,3.0,1.0,MEDIUM,3.0,127.44,32.034,39.01,56.396,,,247.0,201.0,266.0,228.0,False,,True
FP1,BOT,Cadillac,4.0,1.0,MEDIUM,4.0,99.689,26.241,30.182,43.266,,,272.0,252.0,247.0,300.0,True,,True
FP1,BOT,Cadillac,5.0,1.0,MEDIUM,5.0,,41.721,46.395,62.234,,,136.0,231.0,271.0,187.0,False,,False
FP1,BOT,Cadillac,6.0,1.0,MEDIUM,6.0,98.702,25.737,30.011,42.954,,,273.0,255.0,252.0,305.0,False,,True
FP1,BOT,Cadillac,7.0,1.0,MEDIUM,7.0,132.203,26.763,41.699,63.741,,,229.0,161.0,260.0,118.0,False,,False
FP1,BOT,Cadillac,8.0,1.0,MEDIUM,8.0,134.478,29.313,39.906,65.259,,1910.174,255.0,180.0,,160.0,False,,False
FP1,BOT,Cadillac,9.0,2.0,MEDIUM,9.0,,,31.79,52.988,2774.078,,270.0,256.0,271.0,137.0,False,,False
FP1,BOT,Cadillac,10.0,2.0,MEDIUM,10.0,97.04,25.41,29.467,42.163,,,275.0,266.0,255.0,311.0,True,,True
FP1,BOT,Cadillac,11.0,2.0,MEDIUM,11.0,105.149,30.282,31.701,43.166,,,273.0,266.0,270.0,310.0,False,,True
FP1,BOT,Cadillac,12.0,2.0,MEDIUM,12.0,99.196,26.231,29.992,42.973,,,266.0,261.0,273.0,302.0,False,,True
FP1,BOT,Cadillac,13.0,2.0,MEDIUM,13.0,98.911,26.109,30.058,42.744,,,270.0,259.0,269.0,306.0,False,,True
FP1,BOT,Cadillac,14.0,2.0,MEDIUM,14.0,99.834,26.367,30.248,43.219,,,271.0,258.0,268.0,299.0,False,,True
FP1,BOT,Cadillac,15.0,2.0,MEDIUM,15.0,100.334,26.39,30.563,43.381,,,275.0,255.0,269.0,298.0,False,,True
FP1,BOT,Cadillac,16.0,2.0,MEDIUM,16.0,101.062,26.536,30.817,43.709,,,270.0,257.0,265.0,295.0,False,,True
FP1,BOT,Cadillac,17.0,2.0,MEDIUM,17.0,115.162,28.052,31.857,55.253,,3702.605,273.0,243.0,,265.0,False,,False
FP1,BOT,Cadillac,18.0,3.0,SOFT,1.0,,,35.667,48.197,3931.456,,273.0,267.0,275.0,257.0,False,,False
FP1,BOT,Cadillac,19.0,3.0,SOFT,2.0,96.057,25.316,28.848,41.893,,,280.0,274.0,255.0,302.0,True,,True
FP1,BOT,Cadillac,20.0,3.0,SOFT,3.0,122.193,29.159,39.541,53.493,,,195.0,146.0,273.0,281.0,False,,True
FP1,BOT,Cadillac,21.0,3.0,SOFT,4.0,96.193,25.229,28.848,42.116,,,273.0,270.0,257.0,311.0,False,,True
FP1,BOT,Cadillac,22.0,3.0,SOFT,5.0,120.71,30.049,39.611,51.05,,,207.0,252.0,255.0,253.0,False,,True
FP1,BOT,Cadillac,23.0,3.0,SOFT,6.0,127.224,32.259,35.613,59.352,,,230.0,219.0,70.0,234.0,False,,True
FP1,BOT,Cadillac,24.0,3.0,SOFT,7.0,147.557,57.263,33.533,56.761,,,286.0,192.0,74.0,226.0,False,,True
FP1,BOT,Cadillac,25.0,3.0,SOFT,8.0,147.664,57.443,35.472,54.749,,4903.141,242.0,253.0,,252.0,False,,False
FP1,PIA,McLaren,1.0,1.0,MEDIUM,1.0,,,37.541,50.478,903.004,,214.0,245.0,252.0,265.0,False,,False
FP1,PIA,McLaren,2.0,1.0,MEDIUM,2.0,112.02,27.984,33.521,50.515,,,206.0,262.0,261.0,277.0,True,,True
FP1,PIA,McLaren,3.0,1.0,MEDIUM,3.0,96.043,24.988,29.178,41.877,,,282.0,268.0,244.0,306.0,True,,True
FP1,PIA,McLaren,4.0,1.0,MEDIUM,4.0,131.607,32.169,38.363,61.075,,,194.0,192.0,271.0,214.0,False,,True
FP1,PIA,McLaren,5.0,1.0,MEDIUM,5.0,135.756,24.996,39.555,71.205,,1512.615,280.0,166.0,,233.0,False,,False
FP1,PIA,McLaren,6.0,2.0,MEDIUM,6.0,,,32.043,45.907,2140.714,,273.0,264.0,251.0,289.0,False,,False
FP1,PIA,McLaren,7.0,2.0,MEDIUM,7.0,111.197,27.987,31.383,51.827,,,265.0,260.0,265.0,299.0,False,,True
FP1,PIA,McLaren,8.0,2.0,MEDIUM,8.0,95.12,24.818,28.801,41.501,,,283.0,272.0,246.0,307.0,True,,True
FP1,PIA,McLaren,9.0,2.0,MEDIUM,9.0,133.348,34.741,40.288,58.319,,2587.711,143.0,203.0,,231.0,False,,False
FP1,PIA,McLaren,10.0,3.0,MEDIUM,10.0,133.228,53.725,32.883,46.62,2612.423,,262.0,258.0,272.0,269.0,False,,False
FP1,PIA,McLaren,11.0,3.0,MEDIUM,11.0,116.171,32.046,37.335,46.79,,,224.0,223.0,270.0,277.0,False,,True
FP1,PIA,McLaren,12.0,3.0,MEDIUM,12.0,94.55,24.748,28.49,41.312,,,278.0,270.0,249.0,307.0,True,,True
FP1,PIA,McLaren,13.0,3.0,MEDIUM,13.0,104.258,29.419,32.658,42.181,,,243.0,261.0,276.0,308.0,False,,True
FP1,PIA,McLaren,14.0,3.0,MEDIUM,14.0,96.523,25.091,29.234,42.198,,,276.0,258.0,277.0,301.0,False,,True
FP1,PIA,McLaren,15.0,3.0,MEDIUM,15.0,97.671,25.303,30.189,42.179,,,280.0,261.0,276.0,299.0,False,,True
FP1,PIA,McLaren,16.0,3.0,MEDIUM,16.0,96.739,25.376,29.294,42.069,,,277.0,262.0,280.0,300.0,False,,True
FP1,PIA,McLaren,17.0,3.0,MEDIUM,17.0,96.35,25.416,29.082,41.852,,,276.0,267.0,277.0,300.0,False,,True
FP1,PIA,McLaren,18.0,3.0,MEDIUM,18.0,96.807,25.493,29.355,41.959,,,273.0,261.0,270.0,298.0,False,,True
FP1,PIA,McLaren,19.0,3.0,MEDIUM,19.0,102.82,25.778,29.237,47.805,,3622.743,270.0,258.0,,297.0,False,,False
FP1,PIA,McLaren,20.0,4.0,SOFT,1.0,,,35.551,49.012,3862.897,,247.0,264.0,254.0,254.0,False,,False
FP1,PIA,McLaren,21.0,4.0,SOFT,2.0,103.017,26.401,31.502,45.114,,,269.0,262.0,274.0,296.0,False,,True
FP1,PIA,McLaren,22.0,4.0,SOFT,3.0,93.477,24.402,28.2,40.875,,,287.0,276.0,262.0,311.0,True,,True
FP1,PIA,McLaren,23.0,4.0,SOFT,4.0,124.334,33.348,38.471,52.515,,,207.0,200.0,276.0,212.0,False,,True
FP1,PIA,McLaren,24.0,4.0,SOFT,5.0,93.472,24.545,28.164,40.763,,,287.0,274.0,259.0,309.0,True,,True
FP1,PIA,McLaren,25.0,4.0,SOFT,6.0,111.923,31.154,33.511,47.258,,,164.0,262.0,240.0,311.0,False,,True
FP1,PIA,McLaren,26.0,4.0,SOFT,7.0,134.269,30.892,36.847,66.53,,,256.0,198.0,65.0,288.0,False,,True
FP1,PIA,McLaren,27.0,4.0,SOFT,8.0,,64.604,32.455,60.588,,,290.0,225.0,71.0,176.0,False,,False
FP1,PIA,McLaren,28.0,4.0,SOFT,9.0,142.559,63.934,29.237,49.388,,4937.326,307.0,269.0,,335.0,False,,False
FP1,BEA,Haas F1 Team,1.0,1.0,MEDIUM,1.0,,,35.167,50.787,853.13,,222.0,254.0,247.0,279.0,False,,False
FP1,BEA,Haas F1 Team,2.0,1.0,MEDIUM,2.0,118.94,27.89,33.214,57.836,,,280.0,221.0,271.0,267.0,True,,True
FP1,BEA,Haas F1 Team,3.0,1.0,MEDIUM,3.0,96.655,25.791,29.026,41.838,,,271.0,269.0,255.0,308.0,True,,True
FP1,BEA,Haas F1 Team,4.0,1.0,MEDIUM,4.0,132.672,38.7,43.916,50.056,,,159.0,162.0,267.0,279.0,False,,True
FP1,BEA,Haas F1 Team,5.0,1.0,MEDIUM,5.0,97.556,25.527,28.87,43.159,,,269.0,265.0,115.0,301.0,False,,False
FP1,BEA,Haas F1 Team,6.0,1.0,MEDIUM,6.0,143.353,47.373,39.444,56.536,,,166.0,238.0,273.0,280.0,False,,False
FP1,BEA,Haas F1 Team,7.0,1.0,MEDIUM,7.0,94.95,25.268,28.656,41.026,,,275.0,276.0,263.0,319.0,True,,True
FP1,BEA,Haas F1 Team,8.0,1.0,MEDIUM,8.0,,41.471,49.153,74.878,,1818.027,126.0,162.0,,130.0,False,,False
FP1,BEA,Haas F1 Team,9.0,2.0,MEDIUM,9.0,,,31.492,46.488,2305.877,,272.0,271.0,265.0,275.0,False,,False
FP1,BEA,Haas F1 Team,10.0,2.0,MEDIUM,10.0,104.702,26.788,31.14,46.774,,,280.0,272.0,273.0,259.0,False,,True
FP1,BEA,Haas F1 Team,11.0,2.0,MEDIUM,11.0,96.31,24.751,29.323,42.236,,,305.0,251.0,243.0,293.0,False,,True
FP1,BEA,Haas F1 Team,12.0,2.0,MEDIUM,12.0,112.121,30.877,35.897,45.347,,,195.0,224.0,270.0,320.0,False,,True
FP1,BEA,Haas F1 Team,13.0,2.0,MEDIUM,13.0,97.796,26.169,29.575,42.052,,,270.0,255.0,266.0,301.0,False,,True
FP1,BEA,Haas F1 Team,14.0,2.0,MEDIUM,14.0,97.254,25.862,29.373,42.019,,,273.0,260.0,274.0,301.0,False,,True
FP1,BEA,Haas F1 Team,15.0,2.0,MEDIUM,15.0,97.331,25.622,29.463,42.246,,,272.0,258.0,268.0,300.0,False,,True
FP1,BEA,Haas F1 Team,16.0,2.0,MEDIUM,16.0,97.826,25.917,29.616,42.293,,,274.0,255.0,273.0,304.0,False,,True
FP1,BEA,Haas F1 Team,17.0,2.0,MEDIUM,17.0,97.74,25.739,29.379,42.622,,,275.0,254.0,262.0,295.0,False,,True
FP1,BEA,Haas F1 Team,18.0,2.0,MEDIUM,18.0,103.213,26.237,29.742,47.234,,3312.817,275.0,259.0,,302.0,False,,False
FP1,BEA,Haas F1 Team,19.0,3.0,MEDIUM,19.0,,73.865,32.287,50.485,3360.101,3469.268,223.0,265.0,,297.0,False,,False
FP1,BEA,Haas F1 Team,20.0,4.0,SOFT,1.0,,,32.513,51.421,3761.678,,268.0,272.0,276.0,241.0,False,,False
FP1,BEA,Haas F1 Team,21.0,4.0,SOFT,2.0,94.512,25.136,28.248,41.128,,,273.0,277.0,262.0,312.0,True,,True
FP1,BEA,Haas F1 Team,22.0,4.0,SOFT,3.0,,49.524,46.175,58.238,,,117.0,160.0,258.0,281.0,False,,False
FP1,BEA,Haas F1 Team,23.0,4.0,SOFT,4.0,111.189,28.584,34.506,48.099,,,278.0,275.0,277.0,249.0,False,,True
FP1,BEA,Haas F1 Team,24.0,4.0,SOFT,5.0,94.426,24.937,28.381,41.108,,,274.0,272.0,258.0,309.0,True,,True
FP1,BEA,Haas F1 Team,25.0,4.0,SOFT,6.0,142.589,38.019,40.191,64.379,,,161.0,213.0,177.0,166.0,False,,True
FP1,BEA,Haas F1 Team,26.0,4.0,SOFT,7.0,138.804,42.328,34.728,61.748,,,181.0,254.0,46.0,245.0,False,,True
FP1,BEA,Haas F1 Team,27.0,4.0,SOFT,8.0,,67.915,32.446,56.86,,,281.0,238.0,49.0,243.0,False,,False
FP1,BEA,Haas F1 Team,28.0,4.0,SOFT,9.0,140.653,58.684,30.202,51.767,,4910.621,268.0,261.0,,222.0,False,,False
