Driver,DriverNumber,LapNumber,LapTime_sec,Sector1Time_sec,Sector2Time_sec,Sector3Time_sec,SpeedI1,SpeedI2,SpeedFL,SpeedST,Stint,Compound,TyreLife,FreshTyre,PitOutTime_sec,PitInTime_sec,Position,TrackStatus,IsPersonalBest,IsAccurate,Team
NOR,1,1.0,,,31.201,43.008,291.0,275.0,274.0,328.0,1.0,MEDIUM,5.0,False,,,4.0,12,False,False,McLaren
NOR,1,2.0,98.09,25.842,29.806,42.442,281.0,269.0,272.0,311.0,1.0,MEDIUM,6.0,False,,,4.0,1,True,True,McLaren
NOR,1,3.0,97.947,25.835,29.63,42.482,280.0,269.0,268.0,308.0,1.0,MEDIUM,7.0,False,,,4.0,1,True,True,McLaren
NOR,1,4.0,98.022,25.829,29.566,42.627,279.0,269.0,271.0,306.0,1.0,MEDIUM,8.0,False,,,4.0,1,False,True,McLaren
NOR,1,5.0,97.52,25.663,29.547,42.31,280.0,268.0,273.0,304.0,1.0,MEDIUM,9.0,False,,,4.0,1,True,True,McLaren
NOR,1,6.0,97.369,25.494,29.506,42.369,281.0,270.0,273.0,308.0,1.0,MEDIUM,10.0,False,,,4.0,1,True,True,McLaren
NOR,1,7.0,98.639,25.675,29.542,43.422,280.0,267.0,273.0,304.0,1.0,MEDIUM,11.0,False,,,5.0,1,False,True,McLaren
NOR,1,8.0,97.355,25.612,29.551,42.192,285.0,273.0,272.0,315.0,1.0,MEDIUM,12.0,False,,,5.0,1,True,True,McLaren
NOR,1,9.0,97.542,25.646,29.589,42.307,282.0,268.0,274.0,310.0,1.0,MEDIUM,13.0,False,,,5.0,1,False,True,McLaren
NOR,1,10.0,97.849,25.781,29.704,42.364,282.0,269.0,271.0,311.0,1.0,MEDIUM,14.0,False,,,5.0,1,False,True,McLaren
NOR,1,11.0,97.982,25.676,29.74,42.566,281.0,270.0,273.0,305.0,1.0,MEDIUM,15.0,False,,,5.0,1,False,True,McLaren
NOR,1,12.0,98.075,25.799,29.608,42.668,281.0,270.0,273.0,306.0,1.0,MEDIUM,16.0,False,,,5.0,1,False,True,McLaren
NOR,1,13.0,109.338,25.83,29.617,53.891,280.0,269.0,,304.0,1.0,MEDIUM,17.0,False,,4088.812,5.0,124,False,False,McLaren
NOR,1,14.0,,52.387,39.752,63.546,273.0,264.0,201.0,221.0,2.0,SOFT,4.0,False,4111.262,,3.0,4,False,False,McLaren
NOR,1,15.0,147.971,39.765,43.029,65.177,237.0,226.0,209.0,172.0,2.0,SOFT,5.0,False,,,3.0,4,False,False,McLaren
NOR,1,16.0,142.224,37.827,42.171,62.226,260.0,178.0,275.0,224.0,2.0,SOFT,6.0,False,,,3.0,41,False,False,McLaren
NOR,1,17.0,96.566,25.443,29.11,42.013,289.0,280.0,268.0,322.0,2.0,SOFT,7.0,False,,,3.0,1,True,True,McLaren
NOR,1,18.0,96.524,25.694,28.984,41.846,284.0,270.0,273.0,309.0,2.0,SOFT,8.0,False,,,4.0,1,True,True,McLaren
NOR,1,19.0,95.708,25.106,28.88,41.722,281.0,270.0,274.0,309.0,2.0,SOFT,9.0,False,,,4.0,1,True,True,McLaren
GAS,10,1.0,,,30.951,43.17,286.0,267.0,277.0,334.0,1.0,MEDIUM,7.0,False,,,6.0,12,False,False,Alpine
GAS,10,2.0,100.438,25.829,31.343,43.266,283.0,265.0,256.0,319.0,1.0,MEDIUM,8.0,False,,,8.0,1,True,True,Alpine
GAS,10,3.0,99.367,26.632,30.523,42.212,284.0,270.0,272.0,332.0,1.0,MEDIUM,9.0,False,,,9.0,1,True,True,Alpine
GAS,10,4.0,99.097,26.009,30.332,42.756,286.0,270.0,264.0,318.0,1.0,MEDIUM,10.0,False,,,8.0,1,True,True,Alpine
GAS,10,5.0,100.104,26.906,30.466,42.732,287.0,270.0,273.0,330.0,1.0,MEDIUM,11.0,False,,,10.0,1,False,True,Alpine
GAS,10,6.0,98.741,25.89,30.103,42.748,292.0,280.0,279.0,333.0,1.0,MEDIUM,12.0,False,,,10.0,1,True,True,Alpine
GAS,10,7.0,99.528,26.295,30.492,42.741,286.0,281.0,275.0,331.0,1.0,MEDIUM,13.0,False,,,10.0,1,False,True,Alpine
GAS,10,8.0,99.236,26.087,30.368,42.781,287.0,274.0,275.0,334.0,1.0,MEDIUM,14.0,False,,,10.0,1,False,True,Alpine
GAS,10,9.0,99.386,26.042,30.551,42.793,284.0,268.0,278.0,327.0,1.0,MEDIUM,15.0,False,,,10.0,1,False,True,Alpine
GAS,10,10.0,99.997,26.257,30.897,42.843,286.0,271.0,275.0,330.0,1.0,MEDIUM,16.0,False,,,10.0,1,False,True,Alpine
GAS,10,11.0,100.211,26.223,31.132,42.856,289.0,269.0,275.0,331.0,1.0,MEDIUM,17.0,False,,,10.0,1,False,True,Alpine
GAS,10,12.0,99.219,26.181,29.995,43.043,292.0,269.0,273.0,314.0,1.0,MEDIUM,18.0,False,,,9.0,1,False,True,Alpine
GAS,10,13.0,113.893,26.144,30.151,57.598,281.0,263.0,155.0,201.0,1.0,MEDIUM,19.0,False,,,9.0,124,False,False,Alpine
GAS,10,14.0,139.627,37.167,43.349,59.111,251.0,202.0,160.0,205.0,1.0,MEDIUM,20.0,False,,,9.0,4,False,False,Alpine
GAS,10,15.0,147.646,37.998,43.739,65.909,246.0,239.0,156.0,184.0,1.0,MEDIUM,21.0,False,,,9.0,4,False,False,Alpine
GAS,10,16.0,137.547,37.185,40.517,59.845,249.0,179.0,275.0,230.0,1.0,MEDIUM,22.0,False,,,9.0,41,False,False,Alpine
GAS,10,17.0,98.349,25.971,29.767,42.611,280.0,267.0,274.0,311.0,1.0,MEDIUM,23.0,False,,,9.0,1,True,True,Alpine
GAS,10,18.0,98.695,25.722,29.541,43.432,281.0,268.0,277.0,314.0,1.0,MEDIUM,24.0,False,,,11.0,1,False,True,Alpine
GAS,10,19.0,98.652,26.146,29.972,42.534,288.0,275.0,259.0,334.0,1.0,MEDIUM,25.0,False,,,11.0,1,False,True,Alpine
PER,11,1.0,,,33.298,45.469,283.0,257.0,276.0,324.0,1.0,MEDIUM,1.0,True,,,18.0,12,False,False,Cadillac
PER,11,2.0,102.372,27.152,31.619,43.601,271.0,273.0,274.0,311.0,1.0,MEDIUM,2.0,True,,,20.0,1,True,True,Cadillac
PER,11,3.0,99.911,26.237,30.534,43.14,288.0,270.0,275.0,325.0,1.0,MEDIUM,3.0,True,,,20.0,1,True,True,Cadillac
PER,11,4.0,100.042,26.105,30.47,43.467,291.0,265.0,274.0,313.0,1.0,MEDIUM,4.0,True,,,20.0,1,False,True,Cadillac
PER,11,5.0,99.646,26.123,30.429,43.094,288.0,268.0,274.0,325.0,1.0,MEDIUM,5.0,True,,,20.0,1,True,True,Cadillac
PER,11,6.0,99.455,26.251,30.384,42.82,281.0,267.0,274.0,321.0,1.0,MEDIUM,6.0,True,,,20.0,1,True,True,Cadillac
PER,11,7.0,99.952,26.308,30.324,43.32,278.0,266.0,273.0,312.0,1.0,MEDIUM,7.0,True,,,20.0,1,False,True,Cadillac
PER,11,8.0,100.361,26.177,30.512,43.672,278.0,264.0,275.0,313.0,1.0,MEDIUM,8.0,True,,,21.0,1,False,True,Cadillac
PER,11,9.0,100.219,26.364,30.795,43.06,275.0,264.0,276.0,317.0,1.0,MEDIUM,9.0,True,,,21.0,1,False,True,Cadillac
PER,11,10.0,100.653,26.197,30.905,43.551,280.0,267.0,268.0,306.0,1.0,MEDIUM,10.0,True,,,20.0,1,False,True,Cadillac
PER,11,11.0,101.515,26.67,31.07,43.775,279.0,263.0,268.0,305.0,1.0,MEDIUM,11.0,True,,,20.0,1,False,True,Cadillac
PER,11,12.0,101.729,26.723,30.966,44.04,273.0,264.0,273.0,299.0,1.0,MEDIUM,12.0,True,,,20.0,1,False,True,Cadillac
PER,11,13.0,127.204,26.951,36.814,63.439,274.0,200.0,,190.0,1.0,MEDIUM,13.0,True,,4144.638,19.0,124,False,False,Cadillac
PER,11,14.0,,51.067,42.917,57.868,258.0,263.0,234.0,161.0,2.0,SOFT,1.0,True,4170.421,,19.0,4,False,False,Cadillac
PER,11,15.0,117.01,33.196,31.703,52.111,276.0,253.0,134.0,270.0,2.0,SOFT,2.0,True,,,19.0,4,False,False,Cadillac
PER,11,16.0,130.796,35.792,41.114,53.89,251.0,220.0,278.0,280.0,2.0,SOFT,3.0,True,,,19.0,41,False,False,Cadillac
PER,11,17.0,99.518,25.837,30.544,43.137,286.0,270.0,273.0,320.0,2.0,SOFT,4.0,True,,,19.0,1,False,True,Cadillac
PER,11,18.0,98.862,25.757,30.275,42.83,283.0,269.0,278.0,321.0,2.0,SOFT,5.0,True,,,19.0,1,True,True,Cadillac
PER,11,19.0,99.587,26.033,30.681,42.873,288.0,269.0,271.0,322.0,2.0,SOFT,6.0,True,,,19.0,1,False,True,Cadillac
ANT,12,1.0,,,31.074,43.499,286.0,279.0,274.0,341.0,1.0,MEDIUM,4.0,False,,,8.0,12,False,False,Mercedes
ANT,12,2.0,97.657,25.556,30.057,42.044,292.0,270.0,270.0,319.0,1.0,MEDIUM,5.0,False,,,6.0,1,True,True,Mercedes
ANT,12,3.0,97.236,25.702,29.655,41.879,284.0,271.0,275.0,334.0,1.0,MEDIUM,6.0,False,,,6.0,1,True,True,Mercedes
ANT,12,4.0,98.119,25.895,29.735,42.489,287.0,284.0,254.0,338.0,1.0,MEDIUM,7.0,False,,,5.0,1,False,True,Mercedes
ANT,12,5.0,98.237,26.344,29.863,42.03,288.0,268.0,276.0,338.0,1.0,MEDIUM,8.0,False,,,6.0,1,False,True,Mercedes
ANT,12,6.0,97.251,25.806,29.58,41.865,286.0,269.0,275.0,328.0,1.0,MEDIUM,9.0,False,,,5.0,1,False,True,Mercedes
ANT,12,7.0,96.485,25.268,29.319,41.898,280.0,267.0,275.0,327.0,1.0,MEDIUM,10.0,False,,,4.0,1,True,True,Mercedes
ANT,12,8.0,96.825,25.23,29.434,42.161,279.0,267.0,276.0,311.0,1.0,MEDIUM,11.0,False,,,4.0,1,False,True,Mercedes
ANT,12,9.0,97.077,25.269,29.513,42.295,283.0,270.0,277.0,330.0,1.0,MEDIUM,12.0,False,,,4.0,1,False,True,Mercedes
ANT,12,10.0,97.528,25.891,29.814,41.823,290.0,272.0,277.0,331.0,1.0,MEDIUM,13.0,False,,,4.0,1,False,True,Mercedes
ANT,12,11.0,97.374,25.595,29.765,42.014,288.0,271.0,276.0,323.0,1.0,MEDIUM,14.0,False,,,3.0,1,False,True,Mercedes
ANT,12,12.0,97.066,25.224,29.383,42.459,281.0,270.0,277.0,316.0,1.0,MEDIUM,15.0,False,,,3.0,1,False,True,Mercedes
ANT,12,13.0,109.188,25.632,29.773,53.783,287.0,276.0,,316.0,1.0,MEDIUM,16.0,False,,4085.124,2.0,124,False,False,Mercedes
ANT,12,14.0,,62.655,42.275,60.048,172.0,246.0,186.0,232.0,2.0,SOFT,6.0,False,4118.7,,7.0,4,False,False,Mercedes
ANT,12,15.0,147.874,38.271,43.836,65.767,178.0,161.0,197.0,125.0,2.0,SOFT,7.0,False,,,7.0,4,False,False,Mercedes
ANT,12,16.0,139.691,37.138,40.381,62.172,233.0,224.0,264.0,183.0,2.0,SOFT,8.0,False,,,8.0,41,False,False,Mercedes
ANT,12,17.0,97.147,25.338,29.298,42.511,290.0,285.0,277.0,313.0,2.0,SOFT,9.0,False,,,7.0,1,False,True,Mercedes
ANT,12,18.0,94.76,25.089,28.746,40.925,295.0,275.0,276.0,322.0,2.0,SOFT,10.0,False,,,5.0,1,True,True,Mercedes
ANT,12,19.0,95.172,25.024,28.777,41.371,280.0,268.0,272.0,330.0,2.0,SOFT,11.0,False,,,5.0,1,False,True,Mercedes
ALO,14,1.0,,,32.323,46.883,274.0,275.0,270.0,317.0,1.0,HARD,1.0,True,,,19.0,12,False,False,Aston Martin
ALO,14,2.0,101.187,26.53,31.172,43.485,270.0,260.0,269.0,316.0,1.0,HARD,2.0,True,,,19.0,1,True,True,Aston Martin
ALO,14,3.0,100.195,26.282,30.828,43.085,264.0,262.0,273.0,314.0,1.0,HARD,3.0,True,,,19.0,1,True,True,Aston Martin
ALO,14,4.0,99.861,25.903,30.778,43.18,267.0,260.0,271.0,310.0,1.0,HARD,4.0,True,,,19.0,1,True,True,Aston Martin
ALO,14,5.0,99.71,25.746,30.72,43.244,276.0,261.0,273.0,312.0,1.0,HARD,5.0,True,,,19.0,1,True,True,Aston Martin
ALO,14,6.0,99.255,25.799,30.688,42.768,269.0,260.0,269.0,315.0,1.0,HARD,6.0,True,,,19.0,1,True,True,Aston Martin
ALO,14,7.0,99.59,25.861,30.603,43.126,289.0,260.0,273.0,318.0,1.0,HARD,7.0,True,,,19.0,1,False,True,Aston Martin
ALO,14,8.0,99.283,25.717,30.327,43.239,266.0,259.0,270.0,297.0,1.0,HARD,8.0,True,,,18.0,1,False,True,Aston Martin
ALO,14,9.0,99.335,25.911,30.401,43.023,267.0,258.0,267.0,301.0,1.0,HARD,9.0,True,,,18.0,1,False,True,Aston Martin
ALO,14,10.0,99.474,26.054,30.468,42.952,265.0,257.0,266.0,300.0,1.0,HARD,10.0,True,,,18.0,1,False,True,Aston Martin
ALO,14,11.0,99.887,26.135,30.471,43.281,266.0,258.0,266.0,298.0,1.0,HARD,11.0,True,,,18.0,1,False,True,Aston Martin
ALO,14,12.0,99.739,26.117,30.331,43.291,267.0,260.0,267.0,301.0,1.0,HARD,12.0,True,,,18.0,1,False,True,Aston Martin
ALO,14,13.0,118.719,26.484,35.185,57.05,266.0,203.0,182.0,261.0,1.0,HARD,13.0,True,,,17.0,124,False,False,Aston Martin
ALO,14,14.0,134.307,36.662,40.991,56.654,223.0,218.0,229.0,226.0,1.0,HARD,14.0,True,,,13.0,4,False,False,Aston Martin
ALO,14,15.0,143.265,35.424,41.672,66.169,225.0,258.0,172.0,225.0,1.0,HARD,15.0,True,,,13.0,4,False,False,Aston Martin
ALO,14,16.0,135.334,36.297,39.132,59.905,235.0,148.0,267.0,242.0,1.0,HARD,16.0,True,,,13.0,41,False,False,Aston Martin
ALO,14,17.0,100.719,26.244,30.851,43.624,284.0,260.0,272.0,320.0,1.0,HARD,17.0,True,,,16.0,1,False,True,Aston Martin
ALO,14,18.0,100.369,25.663,30.993,43.713,269.0,262.0,275.0,320.0,1.0,HARD,18.0,True,,,18.0,1,False,True,Aston Martin
ALO,14,19.0,98.487,25.589,30.453,42.445,265.0,260.0,266.0,314.0,1.0,HARD,19.0,True,,,17.0,1,True,True,Aston Martin
LEC,16,1.0,,,29.905,42.75,289.0,263.0,278.0,305.0,1.0,MEDIUM,5.0,False,,,3.0,12,False,False,Ferrari
LEC,16,2.0,97.665,26.088,29.358,42.219,276.0,267.0,275.0,311.0,1.0,MEDIUM,6.0,False,,,3.0,1,True,True,Ferrari
LEC,16,3.0,97.536,26.158,29.288,42.09,273.0,270.0,278.0,315.0,1.0,MEDIUM,7.0,False,,,3.0,1,True,True,Ferrari
LEC,16,4.0,98.072,25.732,29.807,42.533,277.0,266.0,275.0,318.0,1.0,MEDIUM,8.0,False,,,3.0,1,False,True,Ferrari
LEC,16,5.0,97.029,25.598,29.17,42.261,280.0,270.0,278.0,316.0,1.0,MEDIUM,9.0,False,,,3.0,1,True,True,Ferrari
LEC,16,6.0,97.535,25.896,29.283,42.356,278.0,269.0,257.0,326.0,1.0,MEDIUM,10.0,False,,,3.0,1,False,True,Ferrari
LEC,16,7.0,97.367,26.004,29.244,42.119,283.0,270.0,279.0,322.0,1.0,MEDIUM,11.0,False,,,3.0,1,False,True,Ferrari
LEC,16,8.0,96.946,25.615,29.186,42.145,267.0,265.0,241.0,314.0,1.0,MEDIUM,12.0,False,,,2.0,1,True,True,Ferrari
LEC,16,9.0,98.507,26.659,29.651,42.197,268.0,259.0,274.0,305.0,1.0,MEDIUM,13.0,False,,,2.0,1,False,True,Ferrari
LEC,16,10.0,97.402,25.695,29.27,42.437,269.0,262.0,273.0,295.0,1.0,MEDIUM,14.0,False,,,2.0,1,False,True,Ferrari
LEC,16,11.0,97.497,25.565,29.271,42.661,274.0,264.0,269.0,292.0,1.0,MEDIUM,15.0,False,,,2.0,1,False,True,Ferrari
LEC,16,12.0,97.828,25.775,29.229,42.824,278.0,267.0,274.0,293.0,1.0,MEDIUM,16.0,False,,,2.0,1,False,True,Ferrari
LEC,16,13.0,110.657,25.907,29.399,55.351,273.0,266.0,,293.0,1.0,MEDIUM,17.0,False,,4085.92,3.0,124,False,False,Ferrari
LEC,16,14.0,,51.297,41.324,63.215,232.0,177.0,214.0,211.0,2.0,SOFT,6.0,False,4109.044,,2.0,4,False,False,Ferrari
LEC,16,15.0,148.659,41.306,43.331,64.022,155.0,165.0,225.0,187.0,2.0,SOFT,7.0,False,,,2.0,4,False,False,Ferrari
LEC,16,16.0,143.596,37.543,43.543,62.51,255.0,197.0,273.0,206.0,2.0,SOFT,8.0,False,,,2.0,41,False,False,Ferrari
LEC,16,17.0,95.876,25.274,28.797,41.805,273.0,272.0,278.0,296.0,2.0,SOFT,9.0,False,,,2.0,1,True,True,Ferrari
LEC,16,18.0,94.753,24.811,28.523,41.419,280.0,268.0,260.0,303.0,2.0,SOFT,10.0,False,,,2.0,1,True,True,Ferrari
LEC,16,19.0,95.008,25.28,28.574,41.154,280.0,269.0,277.0,309.0,2.0,SOFT,11.0,False,,,2.0,1,False,True,Ferrari
STR,18,1.0,,,32.401,46.056,281.0,275.0,258.0,327.0,1.0,MEDIUM,1.0,True,,,16.0,12,False,False,Aston Martin
STR,18,2.0,101.321,27.307,30.949,43.065,260.0,259.0,271.0,316.0,1.0,MEDIUM,2.0,True,,,17.0,1,True,True,Aston Martin
STR,18,3.0,100.151,26.028,30.775,43.348,284.0,258.0,271.0,312.0,1.0,MEDIUM,3.0,True,,,18.0,1,True,True,Aston Martin
STR,18,4.0,100.075,26.304,30.579,43.192,270.0,259.0,272.0,304.0,1.0,MEDIUM,4.0,True,,,18.0,1,True,True,Aston Martin
STR,18,5.0,99.489,26.012,30.466,43.011,270.0,264.0,264.0,309.0,1.0,MEDIUM,5.0,True,,,18.0,1,True,True,Aston Martin
STR,18,6.0,99.639,26.206,30.484,42.949,267.0,256.0,265.0,304.0,1.0,MEDIUM,6.0,True,,,18.0,1,False,True,Aston Martin
STR,18,7.0,99.707,26.173,30.314,43.22,264.0,254.0,267.0,294.0,1.0,MEDIUM,7.0,True,,,18.0,1,False,True,Aston Martin
STR,18,8.0,100.662,26.771,30.658,43.233,267.0,257.0,269.0,311.0,1.0,MEDIUM,8.0,True,,,19.0,1,False,True,Aston Martin
STR,18,9.0,99.637,26.118,30.583,42.936,266.0,256.0,271.0,307.0,1.0,MEDIUM,9.0,True,,,19.0,1,False,True,Aston Martin
STR,18,10.0,100.064,26.032,30.799,43.233,266.0,256.0,267.0,302.0,1.0,MEDIUM,10.0,True,,,19.0,1,False,True,Aston Martin
STR,18,11.0,100.688,26.386,30.678,43.624,266.0,259.0,267.0,297.0,1.0,MEDIUM,11.0,True,,,19.0,1,False,True,Aston Martin
STR,18,12.0,101.07,26.526,30.714,43.83,263.0,256.0,268.0,297.0,1.0,MEDIUM,12.0,True,,,19.0,1,False,True,Aston Martin
STR,18,13.0,125.016,26.474,35.695,62.847,265.0,222.0,,129.0,1.0,MEDIUM,13.0,True,,4138.326,18.0,124,False,False,Aston Martin
STR,18,14.0,,53.072,40.402,59.246,227.0,223.0,215.0,250.0,2.0,MEDIUM,8.0,False,4161.427,,18.0,4,False,False,Aston Martin
STR,18,15.0,121.373,33.69,32.838,54.845,236.0,237.0,115.0,255.0,2.0,MEDIUM,9.0,False,,,18.0,4,False,False,Aston Martin
STR,18,16.0,131.4,36.219,40.247,54.934,224.0,234.0,271.0,279.0,2.0,MEDIUM,10.0,False,,,18.0,41,False,False,Aston Martin
STR,18,17.0,99.331,25.709,30.434,43.188,285.0,261.0,274.0,317.0,2.0,MEDIUM,11.0,False,,,18.0,1,True,True,Aston Martin
STR,18,18.0,98.532,25.863,29.875,42.794,268.0,266.0,263.0,332.0,2.0,MEDIUM,12.0,False,,,17.0,1,True,True,Aston Martin
STR,18,19.0,99.263,26.322,30.501,42.44,277.0,263.0,271.0,325.0,2.0,MEDIUM,13.0,False,,,18.0,1,False,True,Aston Martin
ALB,23,1.0,,,31.008,44.932,287.0,277.0,272.0,339.0,1.0,MEDIUM,1.0,True,2811.896,,17.0,12,False,False,Williams
ALB,23,2.0,100.061,26.225,30.446,43.39,282.0,268.0,263.0,318.0,1.0,MEDIUM,2.0,True,,,16.0,1,True,True,Williams
ALB,23,3.0,99.476,26.293,30.244,42.939,278.0,266.0,267.0,316.0,1.0,MEDIUM,3.0,True,,,16.0,1,True,True,Williams
ALB,23,4.0,99.955,26.254,30.097,43.604,281.0,268.0,271.0,309.0,1.0,MEDIUM,4.0,True,,,17.0,1,False,True,Williams
ALB,23,5.0,99.052,26.034,30.311,42.707,290.0,277.0,273.0,317.0,1.0,MEDIUM,5.0,True,,,17.0,1,True,True,Williams
ALB,23,6.0,98.559,25.886,29.964,42.709,281.0,275.0,271.0,315.0,1.0,MEDIUM,6.0,True,,,17.0,1,True,True,Williams
ALB,23,7.0,98.791,25.97,29.971,42.85,284.0,274.0,270.0,309.0,1.0,MEDIUM,7.0,True,,,17.0,1,False,True,Williams
ALB,23,8.0,99.244,26.083,30.064,43.097,284.0,274.0,267.0,309.0,1.0,MEDIUM,8.0,True,,,17.0,1,False,True,Williams
ALB,23,9.0,98.925,26.146,30.071,42.708,275.0,273.0,274.0,311.0,1.0,MEDIUM,9.0,True,,,17.0,1,False,True,Williams
ALB,23,10.0,99.268,26.199,30.129,42.94,284.0,275.0,274.0,315.0,1.0,MEDIUM,10.0,True,,,17.0,1,False,True,Williams
ALB,23,11.0,99.988,26.141,30.347,43.5,287.0,280.0,267.0,318.0,1.0,MEDIUM,11.0,True,,,17.0,1,False,True,Williams
ALB,23,12.0,101.171,26.487,30.858,43.826,293.0,285.0,275.0,314.0,1.0,MEDIUM,12.0,True,,,17.0,1,False,True,Williams
ALB,23,13.0,120.593,26.178,32.405,62.01,285.0,102.0,,242.0,1.0,MEDIUM,13.0,True,,4126.532,16.0,124,False,False,Williams
ALB,23,14.0,,54.93,39.464,58.047,264.0,251.0,229.0,267.0,2.0,SOFT,10.0,False,4150.753,,16.0,4,False,False,Williams
ALB,23,15.0,130.561,29.809,35.23,65.522,267.0,262.0,133.0,179.0,2.0,SOFT,11.0,False,,,16.0,4,False,False,Williams
ALB,23,16.0,133.202,34.997,40.208,57.997,204.0,232.0,267.0,279.0,2.0,SOFT,12.0,False,,,16.0,41,False,False,Williams
ALB,23,17.0,99.659,26.189,30.188,43.282,284.0,271.0,276.0,306.0,2.0,SOFT,13.0,False,,,17.0,1,False,True,Williams
ALB,23,18.0,98.53,25.475,29.952,43.103,287.0,264.0,276.0,297.0,2.0,SOFT,14.0,False,,,16.0,1,True,True,Williams
ALB,23,19.0,98.158,25.592,29.597,42.969,282.0,270.0,276.0,301.0,2.0,SOFT,15.0,False,,,16.0,1,True,True,Williams
HUL,27,1.0,,,33.648,47.356,286.0,270.0,271.0,306.0,1.0,MEDIUM,7.0,False,,,20.0,12,False,False,Audi
HUL,27,2.0,99.943,26.186,30.985,42.772,289.0,270.0,275.0,326.0,1.0,MEDIUM,8.0,False,,,18.0,1,True,True,Audi
HUL,27,3.0,99.087,25.996,30.715,42.376,279.0,268.0,272.0,329.0,1.0,MEDIUM,9.0,False,,,17.0,1,True,True,Audi
HUL,27,4.0,98.732,25.939,30.066,42.727,284.0,277.0,273.0,311.0,1.0,MEDIUM,10.0,False,,,16.0,1,True,True,Audi
HUL,27,5.0,98.027,25.742,29.744,42.541,281.0,274.0,275.0,311.0,1.0,MEDIUM,11.0,False,,,16.0,1,True,True,Audi
HUL,27,6.0,98.159,25.716,29.9,42.543,282.0,273.0,274.0,317.0,1.0,MEDIUM,12.0,False,,,16.0,1,False,True,Audi
HUL,27,7.0,98.812,25.761,30.322,42.729,279.0,273.0,274.0,311.0,1.0,MEDIUM,13.0,False,,,16.0,1,False,True,Audi
HUL,27,8.0,98.846,25.715,30.227,42.904,280.0,270.0,276.0,323.0,1.0,MEDIUM,14.0,False,,,16.0,1,False,True,Audi
HUL,27,9.0,99.176,25.93,30.323,42.923,285.0,273.0,278.0,326.0,1.0,MEDIUM,15.0,False,,,16.0,1,False,True,Audi
HUL,27,10.0,100.099,26.425,30.601,43.073,274.0,271.0,272.0,330.0,1.0,MEDIUM,16.0,False,,,16.0,1,False,True,Audi
HUL,27,11.0,100.571,26.09,30.903,43.578,283.0,266.0,276.0,320.0,1.0,MEDIUM,17.0,False,,,16.0,1,False,True,Audi
HUL,27,12.0,101.741,26.66,30.59,44.491,282.0,271.0,231.0,313.0,1.0,MEDIUM,18.0,False,,,16.0,1,False,True,Audi
HUL,27,13.0,,,,,,,,,1.0,MEDIUM,19.0,False,,,,124,,False,Audi
VER,3,1.0,,,32.526,44.356,267.0,279.0,278.0,312.0,1.0,MEDIUM,6.0,False,,,15.0,12,False,False,Red Bull Racing
VER,3,2.0,99.1,25.769,30.029,43.302,310.0,265.0,268.0,311.0,1.0,MEDIUM,7.0,False,,,14.0,1,True,True,Red Bull Racing
VER,3,3.0,99.269,26.248,30.114,42.907,265.0,272.0,280.0,319.0,1.0,MEDIUM,8.0,False,,,14.0,1,False,True,Red Bull Racing
VER,3,4.0,98.185,25.721,29.722,42.742,274.0,266.0,277.0,313.0,1.0,MEDIUM,9.0,False,,,13.0,1,True,True,Red Bull Racing
VER,3,5.0,98.324,25.825,29.82,42.679,277.0,270.0,280.0,320.0,1.0,MEDIUM,10.0,False,,,13.0,1,False,True,Red Bull Racing
VER,3,6.0,98.853,25.967,30.215,42.671,282.0,271.0,277.0,320.0,1.0,MEDIUM,11.0,False,,,13.0,1,False,True,Red Bull Racing
VER,3,7.0,99.383,25.902,30.434,43.047,278.0,274.0,280.0,326.0,1.0,MEDIUM,12.0,False,,,13.0,1,False,True,Red Bull Racing
VER,3,8.0,99.332,26.15,30.26,42.922,272.0,275.0,278.0,327.0,1.0,MEDIUM,13.0,False,,,13.0,1,False,True,Red Bull Racing
VER,3,9.0,99.475,26.042,30.591,42.842,283.0,274.0,280.0,325.0,1.0,MEDIUM,14.0,False,,,13.0,1,False,True,Red Bull Racing
VER,3,10.0,99.749,26.031,30.782,42.936,283.0,269.0,279.0,320.0,1.0,MEDIUM,15.0,False,,,13.0,1,False,True,Red Bull Racing
VER,3,11.0,100.212,26.229,30.663,43.32,279.0,274.0,278.0,323.0,1.0,MEDIUM,16.0,False,,,13.0,1,False,True,Red Bull Racing
VER,3,12.0,99.596,25.941,30.455,43.2,276.0,271.0,277.0,325.0,1.0,MEDIUM,17.0,False,,,11.0,1,False,True,Red Bull Racing
VER,3,13.0,120.554,26.479,31.344,62.731,279.0,270.0,,193.0,1.0,MEDIUM,18.0,False,,4121.903,13.0,124,False,False,Red Bull Racing
VER,3,14.0,,53.966,40.605,57.606,231.0,215.0,239.0,247.0,2.0,SOFT,9.0,False,4145.94,,14.0,4,False,False,Red Bull Racing
VER,3,15.0,132.971,29.668,36.224,67.079,247.0,250.0,182.0,241.0,2.0,SOFT,10.0,False,,,14.0,4,False,False,Red Bull Racing
VER,3,16.0,134.203,35.749,40.018,58.436,240.0,218.0,279.0,244.0,2.0,SOFT,11.0,False,,,14.0,41,False,False,Red Bull Racing
VER,3,17.0,96.695,25.096,29.441,42.158,282.0,280.0,285.0,332.0,2.0,SOFT,12.0,False,,,12.0,1,True,True,Red Bull Racing
VER,3,18.0,96.961,25.104,29.568,42.289,284.0,278.0,281.0,332.0,2.0,SOFT,13.0,False,,,10.0,1,False,True,Red Bull Racing
VER,3,19.0,95.774,25.132,29.135,41.507,277.0,273.0,273.0,325.0,2.0,SOFT,14.0,False,,,9.0,1,True,True,Red Bull Racing
LAW,30,1.0,,,31.639,43.66,293.0,280.0,269.0,318.0,1.0,HARD,1.0,True,,,10.0,12,False,False,Racing Bulls
LAW,30,2.0,99.171,25.901,30.557,42.713,276.0,274.0,279.0,331.0,1.0,HARD,2.0,True,,,10.0,1,True,True,Racing Bulls
LAW,30,3.0,99.255,26.347,30.433,42.475,283.0,278.0,279.0,323.0,1.0,HARD,3.0,True,,,10.0,1,False,True,Racing Bulls
LAW,30,4.0,99.12,25.934,30.382,42.804,283.0,271.0,279.0,314.0,1.0,HARD,4.0,True,,,10.0,1,True,True,Racing Bulls
LAW,30,5.0,98.769,25.832,30.204,42.733,302.0,277.0,274.0,328.0,1.0,HARD,5.0,True,,,9.0,1,True,True,Racing Bulls
LAW,30,6.0,99.023,25.933,30.249,42.841,286.0,277.0,277.0,332.0,1.0,HARD,6.0,True,,,9.0,1,False,True,Racing Bulls
LAW,30,7.0,99.435,26.316,30.449,42.67,280.0,271.0,276.0,322.0,1.0,HARD,7.0,True,,,9.0,1,False,True,Racing Bulls
LAW,30,8.0,99.148,25.937,30.524,42.687,286.0,275.0,279.0,325.0,1.0,HARD,8.0,True,,,9.0,1,False,True,Racing Bulls
LAW,30,9.0,99.111,25.867,30.742,42.502,286.0,272.0,276.0,323.0,1.0,HARD,9.0,True,,,8.0,1,False,True,Racing Bulls
LAW,30,10.0,98.691,25.941,30.218,42.532,276.0,271.0,276.0,314.0,1.0,HARD,10.0,True,,,7.0,1,True,True,Racing Bulls
LAW,30,11.0,98.93,25.79,30.076,43.064,279.0,270.0,276.0,300.0,1.0,HARD,11.0,True,,,7.0,1,False,True,Racing Bulls
LAW,30,12.0,99.013,25.943,29.989,43.081,279.0,271.0,277.0,302.0,1.0,HARD,12.0,True,,,7.0,1,False,True,Racing Bulls
LAW,30,13.0,112.97,25.779,29.958,57.233,281.0,272.0,173.0,216.0,1.0,HARD,13.0,True,,,7.0,124,False,False,Racing Bulls
LAW,30,14.0,139.756,36.006,42.629,61.121,235.0,223.0,146.0,189.0,1.0,HARD,14.0,True,,,5.0,4,False,False,Racing Bulls
LAW,30,15.0,146.462,38.569,43.662,64.231,230.0,181.0,206.0,132.0,1.0,HARD,15.0,True,,,5.0,4,False,False,Racing Bulls
LAW,30,16.0,140.372,37.829,40.889,61.654,233.0,231.0,278.0,162.0,1.0,HARD,16.0,True,,,5.0,41,False,False,Racing Bulls
LAW,30,17.0,98.725,25.91,29.719,43.096,293.0,280.0,280.0,314.0,1.0,HARD,17.0,True,,,6.0,1,False,True,Racing Bulls
LAW,30,18.0,97.913,25.577,30.029,42.307,283.0,276.0,281.0,313.0,1.0,HARD,18.0,True,,,7.0,1,True,True,Racing Bulls
LAW,30,19.0,97.882,25.559,29.782,42.541,279.0,272.0,274.0,318.0,1.0,HARD,19.0,True,,,7.0,1,True,True,Racing Bulls
OCO,31,1.0,,,31.706,43.689,283.0,271.0,277.0,317.0,1.0,MEDIUM,8.0,False,,,11.0,12,False,False,Haas F1 Team
OCO,31,2.0,99.196,26.128,30.471,42.597,280.0,276.0,268.0,327.0,1.0,MEDIUM,9.0,False,,,11.0,1,True,True,Haas F1 Team
OCO,31,3.0,99.406,26.195,30.54,42.671,283.0,270.0,266.0,323.0,1.0,MEDIUM,10.0,False,,,11.0,1,False,True,Haas F1 Team
OCO,31,4.0,99.331,26.121,30.233,42.977,273.0,265.0,268.0,325.0,1.0,MEDIUM,11.0,False,,,11.0,1,False,True,Haas F1 Team
OCO,31,5.0,99.119,25.926,30.21,42.983,284.0,273.0,268.0,332.0,1.0,MEDIUM,12.0,False,,,11.0,1,True,True,Haas F1 Team
OCO,31,6.0,98.723,26.156,29.942,42.625,280.0,267.0,274.0,326.0,1.0,MEDIUM,13.0,False,,,11.0,1,True,True,Haas F1 Team
OCO,31,7.0,99.494,26.025,30.625,42.844,286.0,269.0,273.0,322.0,1.0,MEDIUM,14.0,False,,,11.0,1,False,True,Haas F1 Team
OCO,31,8.0,99.346,26.078,30.32,42.948,283.0,267.0,273.0,321.0,1.0,MEDIUM,15.0,False,,,11.0,1,False,True,Haas F1 Team
OCO,31,9.0,99.399,26.11,30.39,42.899,282.0,267.0,275.0,324.0,1.0,MEDIUM,16.0,False,,,11.0,1,False,True,Haas F1 Team
OCO,31,10.0,99.69,26.058,30.816,42.816,284.0,270.0,275.0,326.0,1.0,MEDIUM,17.0,False,,,11.0,1,False,True,Haas F1 Team
OCO,31,11.0,100.911,26.251,31.105,43.555,286.0,271.0,260.0,322.0,1.0,MEDIUM,18.0,False,,,12.0,1,False,True,Haas F1 Team
OCO,31,12.0,100.343,26.519,30.783,43.041,283.0,271.0,275.0,337.0,1.0,MEDIUM,19.0,False,,,12.0,1,False,True,Haas F1 Team
OCO,31,13.0,115.014,26.304,30.356,58.354,276.0,265.0,213.0,202.0,1.0,MEDIUM,20.0,False,,,10.0,124,False,False,Haas F1 Team
OCO,31,14.0,137.308,35.987,42.435,58.886,228.0,156.0,197.0,184.0,1.0,MEDIUM,21.0,False,,,10.0,4,False,False,Haas F1 Team
OCO,31,15.0,147.316,37.864,43.453,65.999,233.0,230.0,184.0,154.0,1.0,MEDIUM,22.0,False,,,10.0,4,False,False,Haas F1 Team
OCO,31,16.0,137.273,37.459,40.196,59.618,226.0,183.0,278.0,240.0,1.0,MEDIUM,23.0,False,,,10.0,41,False,False,Haas F1 Team
OCO,31,17.0,98.642,25.716,30.072,42.854,297.0,273.0,272.0,310.0,1.0,MEDIUM,24.0,False,,,10.0,1,True,True,Haas F1 Team
OCO,31,18.0,97.363,25.463,29.618,42.282,292.0,272.0,273.0,327.0,1.0,MEDIUM,25.0,False,,,9.0,1,True,True,Haas F1 Team
OCO,31,19.0,98.397,26.044,29.829,42.524,287.0,270.0,269.0,310.0,1.0,MEDIUM,26.0,False,,,10.0,1,False,True,Haas F1 Team
LIN,41,1.0,,,31.887,58.039,294.0,280.0,238.0,278.0,1.0,MEDIUM,7.0,False,,,22.0,12,False,False,Racing Bulls
LIN,41,2.0,101.845,27.298,30.812,43.735,273.0,270.0,275.0,299.0,1.0,MEDIUM,8.0,False,,,22.0,1,True,True,Racing Bulls
LIN,41,3.0,99.592,26.108,30.42,43.064,279.0,271.0,276.0,303.0,1.0,MEDIUM,9.0,False,,,22.0,1,True,True,Racing Bulls
LIN,41,4.0,99.308,25.933,30.239,43.136,277.0,268.0,276.0,301.0,1.0,MEDIUM,10.0,False,,,22.0,1,True,True,Racing Bulls
LIN,41,5.0,99.069,25.864,30.179,43.026,280.0,271.0,276.0,304.0,1.0,MEDIUM,11.0,False,,,22.0,1,True,True,Racing Bulls
LIN,41,6.0,98.475,25.804,30.031,42.64,279.0,270.0,276.0,308.0,1.0,MEDIUM,12.0,False,,,22.0,1,True,True,Racing Bulls
LIN,41,7.0,99.104,25.856,30.075,43.173,277.0,271.0,277.0,304.0,1.0,MEDIUM,13.0,False,,,22.0,1,False,True,Racing Bulls
LIN,41,8.0,99.287,25.877,30.296,43.114,279.0,271.0,277.0,304.0,1.0,MEDIUM,14.0,False,,,22.0,1,False,True,Racing Bulls
LIN,41,9.0,99.447,25.999,30.388,43.06,278.0,272.0,277.0,310.0,1.0,MEDIUM,15.0,False,,,22.0,1,False,True,Racing Bulls
LIN,41,10.0,99.854,25.88,30.562,43.412,279.0,270.0,278.0,307.0,1.0,MEDIUM,16.0,False,,,22.0,1,False,True,Racing Bulls
LIN,41,11.0,117.614,26.48,30.451,60.683,280.0,272.0,,160.0,1.0,MEDIUM,17.0,False,,3935.165,22.0,1,False,False,Racing Bulls
COL,43,1.0,,,31.821,44.824,273.0,273.0,271.0,320.0,1.0,MEDIUM,7.0,False,,,12.0,12,False,False,Alpine
COL,43,2.0,99.898,26.323,29.99,43.585,280.0,270.0,242.0,324.0,1.0,MEDIUM,8.0,False,,,13.0,1,True,True,Alpine
COL,43,3.0,99.733,26.45,30.313,42.97,285.0,269.0,266.0,319.0,1.0,MEDIUM,9.0,False,,,13.0,1,True,True,Alpine
COL,43,4.0,99.316,26.434,30.058,42.824,283.0,271.0,274.0,321.0,1.0,MEDIUM,10.0,False,,,14.0,1,True,True,Alpine
COL,43,5.0,98.573,25.865,29.861,42.847,285.0,271.0,275.0,328.0,1.0,MEDIUM,11.0,False,,,14.0,1,True,True,Alpine
COL,43,6.0,98.632,25.919,30.147,42.566,283.0,274.0,274.0,334.0,1.0,MEDIUM,12.0,False,,,14.0,1,False,True,Alpine
COL,43,7.0,99.311,25.976,30.208,43.127,287.0,279.0,270.0,332.0,1.0,MEDIUM,13.0,False,,,14.0,1,False,True,Alpine
COL,43,8.0,99.523,26.161,30.399,42.963,281.0,268.0,274.0,324.0,1.0,MEDIUM,14.0,False,,,14.0,1,False,True,Alpine
COL,43,9.0,99.269,26.062,30.332,42.875,286.0,280.0,275.0,332.0,1.0,MEDIUM,15.0,False,,,14.0,1,False,True,Alpine
COL,43,10.0,99.953,26.348,30.568,43.037,283.0,270.0,266.0,327.0,1.0,MEDIUM,16.0,False,,,14.0,1,False,True,Alpine
COL,43,11.0,101.275,26.712,30.709,43.854,283.0,265.0,275.0,316.0,1.0,MEDIUM,17.0,False,,,15.0,1,False,True,Alpine
COL,43,12.0,100.663,26.784,30.26,43.619,283.0,273.0,274.0,321.0,1.0,MEDIUM,18.0,False,,,15.0,1,False,True,Alpine
COL,43,13.0,121.467,26.586,31.954,62.927,279.0,139.0,,283.0,1.0,MEDIUM,19.0,False,,4125.837,15.0,124,False,False,Alpine
COL,43,14.0,,53.247,40.11,57.897,218.0,263.0,262.0,226.0,2.0,SOFT,6.0,False,4149.366,,15.0,4,False,False,Alpine
COL,43,15.0,131.144,29.809,34.575,66.76,264.0,263.0,155.0,226.0,2.0,SOFT,7.0,False,,,15.0,4,False,False,Alpine
COL,43,16.0,133.579,35.263,40.447,57.869,241.0,239.0,276.0,238.0,2.0,SOFT,8.0,False,,,15.0,41,False,False,Alpine
COL,43,17.0,97.787,25.662,29.725,42.4,303.0,257.0,276.0,316.0,2.0,SOFT,9.0,False,,,14.0,1,True,True,Alpine
COL,43,18.0,97.278,25.497,29.625,42.156,286.0,270.0,281.0,332.0,2.0,SOFT,10.0,False,,,14.0,1,True,True,Alpine
COL,43,19.0,98.547,25.685,30.198,42.664,291.0,285.0,262.0,344.0,2.0,SOFT,11.0,False,,,14.0,1,False,True,Alpine
HAM,44,1.0,,,29.894,43.029,287.0,255.0,276.0,289.0,1.0,MEDIUM,6.0,False,,,2.0,12,False,False,Ferrari
HAM,44,2.0,97.473,25.104,29.351,43.018,264.0,263.0,270.0,291.0,1.0,MEDIUM,7.0,False,,,1.0,1,True,True,Ferrari
HAM,44,3.0,97.73,25.714,29.315,42.701,275.0,263.0,275.0,291.0,1.0,MEDIUM,8.0,False,,,2.0,1,False,True,Ferrari
HAM,44,4.0,97.612,25.537,29.687,42.388,266.0,263.0,269.0,300.0,1.0,MEDIUM,9.0,False,,,1.0,1,False,True,Ferrari
HAM,44,5.0,97.798,25.491,29.007,43.3,274.0,266.0,271.0,293.0,1.0,MEDIUM,10.0,False,,,2.0,1,False,True,Ferrari
HAM,44,6.0,97.467,25.687,29.324,42.456,284.0,265.0,261.0,325.0,1.0,MEDIUM,11.0,False,,,2.0,1,True,True,Ferrari
HAM,44,7.0,97.433,25.797,29.195,42.441,272.0,266.0,253.0,309.0,1.0,MEDIUM,12.0,False,,,2.0,1,True,True,Ferrari
HAM,44,8.0,98.189,26.33,29.53,42.329,275.0,267.0,275.0,306.0,1.0,MEDIUM,13.0,False,,,3.0,1,False,True,Ferrari
HAM,44,9.0,98.481,25.887,30.116,42.478,280.0,261.0,258.0,318.0,1.0,MEDIUM,14.0,False,,,3.0,1,False,True,Ferrari
HAM,44,10.0,97.569,26.001,29.511,42.057,273.0,266.0,269.0,315.0,1.0,MEDIUM,15.0,False,,,3.0,1,False,True,Ferrari
HAM,44,11.0,98.154,25.665,29.57,42.919,273.0,267.0,276.0,304.0,1.0,MEDIUM,16.0,False,,,4.0,1,False,True,Ferrari
HAM,44,12.0,97.614,25.771,29.425,42.418,279.0,270.0,278.0,315.0,1.0,MEDIUM,17.0,False,,,4.0,1,False,True,Ferrari
HAM,44,13.0,110.03,25.895,29.698,54.437,279.0,269.0,,309.0,1.0,MEDIUM,18.0,False,,4086.947,4.0,124,False,False,Ferrari
HAM,44,14.0,,56.851,42.365,61.229,189.0,197.0,127.0,143.0,2.0,SOFT,6.0,False,4114.653,,4.0,4,False,False,Ferrari
HAM,44,15.0,146.416,38.798,43.497,64.121,212.0,220.0,191.0,113.0,2.0,SOFT,7.0,False,,,4.0,4,False,False,Ferrari
HAM,44,16.0,141.373,37.821,41.423,62.129,248.0,189.0,270.0,187.0,2.0,SOFT,8.0,False,,,4.0,41,False,False,Ferrari
HAM,44,17.0,96.427,25.584,29.017,41.826,283.0,275.0,281.0,334.0,2.0,SOFT,9.0,False,,,4.0,1,True,True,Ferrari
HAM,44,18.0,94.926,24.816,28.488,41.622,273.0,270.0,274.0,305.0,2.0,SOFT,10.0,False,,,3.0,1,True,True,Ferrari
HAM,44,19.0,95.129,25.091,28.612,41.426,277.0,267.0,272.0,316.0,2.0,SOFT,11.0,False,,,3.0,1,False,True,Ferrari
BOR,5,1.0,,,31.919,44.536,288.0,272.0,275.0,324.0,1.0,MEDIUM,7.0,False,,,13.0,12,False,False,Audi
BOR,5,2.0,99.004,26.399,30.046,42.559,275.0,280.0,257.0,327.0,1.0,MEDIUM,8.0,False,,,12.0,1,True,True,Audi
BOR,5,3.0,99.246,26.401,30.024,42.821,265.0,270.0,274.0,310.0,1.0,MEDIUM,9.0,False,,,12.0,1,False,True,Audi
BOR,5,4.0,98.516,25.898,29.854,42.764,277.0,274.0,275.0,311.0,1.0,MEDIUM,10.0,False,,,12.0,1,True,True,Audi
BOR,5,5.0,98.756,25.875,29.917,42.964,282.0,276.0,277.0,320.0,1.0,MEDIUM,11.0,False,,,12.0,1,False,True,Audi
BOR,5,6.0,98.748,26.135,29.938,42.675,287.0,275.0,275.0,333.0,1.0,MEDIUM,12.0,False,,,12.0,1,False,True,Audi
BOR,5,7.0,99.464,26.063,30.502,42.899,279.0,271.0,279.0,321.0,1.0,MEDIUM,13.0,False,,,12.0,1,False,True,Audi
BOR,5,8.0,99.358,26.161,30.261,42.936,273.0,277.0,277.0,325.0,1.0,MEDIUM,14.0,False,,,12.0,1,False,True,Audi
BOR,5,9.0,99.41,26.203,30.221,42.986,287.0,274.0,278.0,334.0,1.0,MEDIUM,15.0,False,,,12.0,1,False,True,Audi
BOR,5,10.0,99.819,26.097,30.661,43.061,284.0,273.0,277.0,320.0,1.0,MEDIUM,16.0,False,,,12.0,1,False,True,Audi
BOR,5,11.0,100.21,26.137,30.934,43.139,287.0,275.0,262.0,343.0,1.0,MEDIUM,17.0,False,,,11.0,1,False,True,Audi
BOR,5,12.0,101.875,27.428,30.407,44.04,281.0,275.0,275.0,321.0,1.0,MEDIUM,18.0,False,,,14.0,1,False,True,Audi
BOR,5,13.0,117.491,26.258,31.523,59.71,283.0,197.0,176.0,234.0,1.0,MEDIUM,19.0,False,,,12.0,124,False,False,Audi
BOR,5,14.0,136.074,36.29,41.77,58.014,252.0,206.0,175.0,255.0,1.0,MEDIUM,20.0,False,,,12.0,4,False,False,Audi
BOR,5,15.0,146.855,37.069,44.29,65.496,189.0,249.0,180.0,227.0,1.0,MEDIUM,21.0,False,,,12.0,4,False,False,Audi
BOR,5,16.0,136.275,37.402,39.429,59.444,205.0,210.0,276.0,235.0,1.0,MEDIUM,22.0,False,,,12.0,41,False,False,Audi
BOR,5,17.0,98.848,25.738,30.056,43.054,294.0,276.0,278.0,328.0,1.0,MEDIUM,23.0,False,,,13.0,1,False,True,Audi
BOR,5,18.0,97.8,25.721,29.856,42.223,288.0,276.0,277.0,333.0,1.0,MEDIUM,24.0,False,,,13.0,1,True,True,Audi
BOR,5,19.0,98.544,25.754,30.185,42.605,284.0,276.0,266.0,338.0,1.0,MEDIUM,25.0,False,,,13.0,1,False,True,Audi
SAI,55,1.0,,,32.373,44.31,269.0,272.0,273.0,317.0,1.0,HARD,1.0,True,,,14.0,12,False,False,Williams
SAI,55,2.0,100.237,26.44,30.836,42.961,282.0,272.0,266.0,334.0,1.0,HARD,2.0,True,,,15.0,1,True,True,Williams
SAI,55,3.0,99.649,26.35,30.373,42.926,284.0,270.0,269.0,340.0,1.0,HARD,3.0,True,,,15.0,1,True,True,Williams
SAI,55,4.0,98.884,25.988,30.279,42.617,286.0,273.0,273.0,332.0,1.0,HARD,4.0,True,,,15.0,1,True,True,Williams
SAI,55,5.0,98.729,25.863,30.233,42.633,290.0,275.0,275.0,326.0,1.0,HARD,5.0,True,,,15.0,1,True,True,Williams
SAI,55,6.0,98.334,25.868,30.055,42.411,292.0,277.0,276.0,336.0,1.0,HARD,6.0,True,,,15.0,1,True,True,Williams
SAI,55,7.0,99.241,25.944,30.382,42.915,289.0,274.0,273.0,331.0,1.0,HARD,7.0,True,,,15.0,1,False,True,Williams
SAI,55,8.0,99.699,26.071,30.672,42.956,288.0,267.0,270.0,335.0,1.0,HARD,8.0,True,,,15.0,1,False,True,Williams
SAI,55,9.0,99.329,26.07,30.288,42.971,290.0,279.0,265.0,351.0,1.0,HARD,9.0,True,,,15.0,1,False,True,Williams
SAI,55,10.0,99.769,26.332,30.454,42.983,283.0,270.0,272.0,351.0,1.0,HARD,10.0,True,,,15.0,1,False,True,Williams
SAI,55,11.0,100.385,26.369,31.062,42.954,293.0,260.0,262.0,341.0,1.0,HARD,11.0,True,,,14.0,1,False,True,Williams
SAI,55,12.0,99.393,26.29,30.151,42.952,281.0,268.0,268.0,341.0,1.0,HARD,12.0,True,,,13.0,1,False,True,Williams
SAI,55,13.0,116.659,26.226,31.512,58.921,274.0,219.0,186.0,252.0,1.0,HARD,13.0,True,,,11.0,124,False,False,Williams
SAI,55,14.0,136.411,36.313,41.73,58.368,258.0,221.0,176.0,251.0,1.0,HARD,14.0,True,,,11.0,4,False,False,Williams
SAI,55,15.0,146.928,37.202,43.353,66.373,208.0,228.0,191.0,236.0,1.0,HARD,15.0,True,,,11.0,4,False,False,Williams
SAI,55,16.0,136.522,37.291,39.823,59.408,263.0,199.0,273.0,232.0,1.0,HARD,16.0,True,,,11.0,41,False,False,Williams
SAI,55,17.0,98.613,25.818,30.053,42.742,289.0,278.0,270.0,337.0,1.0,HARD,17.0,True,,,11.0,1,False,True,Williams
SAI,55,18.0,97.913,25.962,29.662,42.289,291.0,279.0,276.0,330.0,1.0,HARD,18.0,True,,,12.0,1,True,True,Williams
SAI,55,19.0,99.094,25.848,30.402,42.844,306.0,274.0,257.0,343.0,1.0,HARD,19.0,True,,,12.0,1,False,True,Williams
HAD,6,1.0,,,31.446,43.528,294.0,283.0,278.0,325.0,1.0,SOFT,4.0,False,,,9.0,12,False,False,Red Bull Racing
HAD,6,2.0,99.458,26.012,30.597,42.849,285.0,276.0,278.0,318.0,1.0,SOFT,5.0,False,,,9.0,1,True,True,Red Bull Racing
HAD,6,3.0,98.535,25.961,30.276,42.298,277.0,272.0,276.0,318.0,1.0,SOFT,6.0,False,,,8.0,1,True,True,Red Bull Racing
HAD,6,4.0,99.748,26.049,30.266,43.433,276.0,267.0,277.0,312.0,1.0,SOFT,7.0,False,,,9.0,1,False,True,Red Bull Racing
HAD,6,5.0,98.704,25.943,29.995,42.766,282.0,272.0,277.0,312.0,1.0,SOFT,8.0,False,,,8.0,1,False,True,Red Bull Racing
HAD,6,6.0,99.293,25.932,30.323,43.038,280.0,270.0,276.0,316.0,1.0,SOFT,9.0,False,,,8.0,1,False,True,Red Bull Racing
HAD,6,7.0,99.184,26.063,30.281,42.84,279.0,270.0,277.0,314.0,1.0,SOFT,10.0,False,,,8.0,1,False,True,Red Bull Racing
HAD,6,8.0,99.203,26.21,30.219,42.774,278.0,276.0,276.0,320.0,1.0,SOFT,11.0,False,,,8.0,1,False,True,Red Bull Racing
HAD,6,9.0,100.166,26.141,30.527,43.498,283.0,274.0,277.0,312.0,1.0,SOFT,12.0,False,,,9.0,1,False,True,Red Bull Racing
HAD,6,10.0,99.658,26.167,30.696,42.795,279.0,271.0,275.0,321.0,1.0,SOFT,13.0,False,,,9.0,1,False,True,Red Bull Racing
HAD,6,11.0,100.438,26.504,30.688,43.246,282.0,276.0,277.0,309.0,1.0,SOFT,14.0,False,,,9.0,1,False,True,Red Bull Racing
HAD,6,12.0,101.0,26.427,31.074,43.499,281.0,272.0,272.0,315.0,1.0,SOFT,15.0,False,,,10.0,1,False,True,Red Bull Racing
HAD,6,13.0,122.834,26.876,32.174,63.784,283.0,230.0,,189.0,1.0,SOFT,16.0,False,,4123.646,14.0,124,False,False,Red Bull Racing
HAD,6,14.0,,61.616,40.611,56.9,225.0,157.0,231.0,200.0,2.0,SOFT,8.0,False,4154.83,,17.0,4,False,False,Red Bull Racing
HAD,6,15.0,128.219,30.469,32.911,64.839,252.0,265.0,119.0,165.0,2.0,SOFT,9.0,False,,,17.0,4,False,False,Red Bull Racing
HAD,6,16.0,132.004,35.463,40.402,56.139,251.0,187.0,278.0,282.0,2.0,SOFT,10.0,False,,,17.0,41,False,False,Red Bull Racing
HAD,6,17.0,97.728,25.315,29.996,42.417,289.0,283.0,280.0,322.0,2.0,SOFT,11.0,False,,,15.0,1,True,True,Red Bull Racing
HAD,6,18.0,96.912,25.244,29.573,42.095,284.0,277.0,282.0,323.0,2.0,SOFT,12.0,False,,,15.0,1,True,True,Red Bull Racing
HAD,6,19.0,97.803,25.469,30.042,42.292,290.0,280.0,275.0,341.0,2.0,SOFT,13.0,False,,,15.0,1,False,True,Red Bull Racing
RUS,63,1.0,,,30.512,42.404,284.0,268.0,271.0,314.0,1.0,MEDIUM,4.0,False,,,1.0,12,False,False,Mercedes
RUS,63,2.0,98.258,26.292,29.399,42.567,281.0,267.0,270.0,313.0,1.0,MEDIUM,5.0,False,,,2.0,1,True,True,Mercedes
RUS,63,3.0,96.852,25.875,29.381,41.596,283.0,267.0,268.0,317.0,1.0,MEDIUM,6.0,False,,,1.0,1,True,True,Mercedes
RUS,63,4.0,98.518,26.188,30.034,42.296,286.0,266.0,278.0,307.0,1.0,MEDIUM,7.0,False,,,2.0,1,False,True,Mercedes
RUS,63,5.0,96.899,25.469,29.381,42.049,286.0,273.0,268.0,319.0,1.0,MEDIUM,8.0,False,,,1.0,1,False,True,Mercedes
RUS,63,6.0,96.715,25.577,29.017,42.121,277.0,263.0,273.0,301.0,1.0,MEDIUM,9.0,False,,,1.0,1,True,True,Mercedes
RUS,63,7.0,96.914,25.78,29.037,42.097,279.0,264.0,273.0,302.0,1.0,MEDIUM,10.0,False,,,1.0,1,False,True,Mercedes
RUS,63,8.0,96.96,25.628,29.116,42.216,278.0,266.0,275.0,303.0,1.0,MEDIUM,11.0,False,,,1.0,1,False,True,Mercedes
RUS,63,9.0,97.092,25.614,29.428,42.05,280.0,266.0,274.0,304.0,1.0,MEDIUM,12.0,False,,,1.0,1,False,True,Mercedes
RUS,63,10.0,96.746,25.612,29.201,41.933,280.0,264.0,274.0,306.0,1.0,MEDIUM,13.0,False,,,1.0,1,False,True,Mercedes
RUS,63,11.0,97.252,25.736,29.247,42.269,278.0,265.0,272.0,303.0,1.0,MEDIUM,14.0,False,,,1.0,1,False,True,Mercedes
RUS,63,12.0,97.563,25.81,29.371,42.382,278.0,266.0,274.0,301.0,1.0,MEDIUM,15.0,False,,,1.0,1,False,True,Mercedes
RUS,63,13.0,105.9,25.78,29.286,50.834,279.0,265.0,,302.0,1.0,MEDIUM,16.0,False,,4076.536,1.0,124,False,False,Mercedes
RUS,63,14.0,,53.687,46.676,63.523,134.0,145.0,166.0,165.0,2.0,SOFT,1.0,True,4099.869,,1.0,4,False,False,Mercedes
RUS,63,15.0,148.326,41.355,43.818,63.153,216.0,114.0,226.0,244.0,2.0,SOFT,2.0,True,,,1.0,4,False,False,Mercedes
RUS,63,16.0,144.353,37.825,43.539,62.989,249.0,234.0,272.0,200.0,2.0,SOFT,3.0,True,,,1.0,41,False,False,Mercedes
RUS,63,17.0,95.506,25.093,28.688,41.725,283.0,271.0,274.0,300.0,2.0,SOFT,4.0,True,,,1.0,1,True,True,Mercedes
RUS,63,18.0,95.101,25.019,28.661,41.421,279.0,265.0,277.0,301.0,2.0,SOFT,5.0,True,,,1.0,1,True,True,Mercedes
RUS,63,19.0,95.265,25.054,28.813,41.398,279.0,265.0,267.0,316.0,2.0,SOFT,6.0,True,,,1.0,1,False,True,Mercedes
BOT,77,1.0,,,32.755,46.91,256.0,258.0,274.0,317.0,1.0,MEDIUM,1.0,True,,,21.0,12,False,False,Cadillac
BOT,77,2.0,101.399,26.754,31.108,43.537,275.0,269.0,273.0,329.0,1.0,MEDIUM,2.0,True,,,21.0,1,True,True,Cadillac
BOT,77,3.0,99.895,26.579,30.338,42.978,273.0,268.0,275.0,325.0,1.0,MEDIUM,3.0,True,,,21.0,1,True,True,Cadillac
BOT,77,4.0,99.944,26.423,30.368,43.153,274.0,265.0,274.0,327.0,1.0,MEDIUM,4.0,True,,,21.0,1,False,True,Cadillac
BOT,77,5.0,99.823,26.411,30.422,42.99,277.0,266.0,273.0,328.0,1.0,MEDIUM,5.0,True,,,21.0,1,True,True,Cadillac
BOT,77,6.0,99.477,26.39,30.536,42.551,283.0,267.0,276.0,329.0,1.0,MEDIUM,6.0,True,,,21.0,1,True,True,Cadillac
BOT,77,7.0,99.569,26.232,30.487,42.85,280.0,266.0,276.0,321.0,1.0,MEDIUM,7.0,True,,,21.0,1,False,True,Cadillac
BOT,77,8.0,99.567,26.38,30.578,42.609,280.0,266.0,271.0,338.0,1.0,MEDIUM,8.0,True,,,20.0,1,False,True,Cadillac
BOT,77,9.0,99.262,26.159,30.349,42.754,278.0,268.0,274.0,321.0,1.0,MEDIUM,9.0,True,,,20.0,1,True,True,Cadillac
BOT,77,10.0,104.457,26.231,30.708,47.518,277.0,265.0,234.0,320.0,1.0,MEDIUM,10.0,True,,,21.0,1,False,True,Cadillac
BOT,77,11.0,109.652,28.532,32.507,48.613,247.0,282.0,221.0,278.0,1.0,MEDIUM,11.0,True,,,21.0,1,False,True,Cadillac
BOT,77,12.0,132.718,30.0,36.479,66.239,242.0,209.0,,209.0,1.0,MEDIUM,12.0,True,,4058.88,21.0,124,False,False,Cadillac
PIA,81,1.0,,,30.947,42.881,284.0,269.0,276.0,323.0,1.0,MEDIUM,5.0,False,,,5.0,12,False,False,McLaren
PIA,81,2.0,98.355,25.956,30.102,42.297,288.0,272.0,267.0,319.0,1.0,MEDIUM,6.0,False,,,5.0,1,True,True,McLaren
PIA,81,3.0,97.76,25.954,29.719,42.087,285.0,269.0,269.0,319.0,1.0,MEDIUM,7.0,False,,,5.0,1,True,True,McLaren
PIA,81,4.0,98.633,25.83,29.799,43.004,284.0,273.0,265.0,326.0,1.0,MEDIUM,8.0,False,,,6.0,1,False,True,McLaren
PIA,81,5.0,97.718,25.979,29.458,42.281,282.0,268.0,267.0,320.0,1.0,MEDIUM,9.0,False,,,5.0,1,True,True,McLaren
PIA,81,6.0,98.039,25.887,29.252,42.9,279.0,268.0,275.0,313.0,1.0,MEDIUM,10.0,False,,,6.0,1,False,True,McLaren
PIA,81,7.0,97.548,25.729,29.486,42.333,288.0,275.0,273.0,314.0,1.0,MEDIUM,11.0,False,,,6.0,1,True,True,McLaren
PIA,81,8.0,97.603,25.932,29.408,42.263,287.0,275.0,273.0,318.0,1.0,MEDIUM,12.0,False,,,6.0,1,False,True,McLaren
PIA,81,9.0,97.759,25.723,29.694,42.342,281.0,267.0,275.0,310.0,1.0,MEDIUM,13.0,False,,,6.0,1,False,True,McLaren
PIA,81,10.0,98.085,25.685,29.776,42.624,282.0,269.0,271.0,312.0,1.0,MEDIUM,14.0,False,,,6.0,1,False,True,McLaren
PIA,81,11.0,98.541,25.944,29.715,42.882,283.0,273.0,277.0,300.0,1.0,MEDIUM,15.0,False,,,6.0,1,False,True,McLaren
PIA,81,12.0,99.015,25.801,29.776,43.438,282.0,273.0,278.0,298.0,1.0,MEDIUM,16.0,False,,,6.0,1,False,True,McLaren
PIA,81,13.0,113.061,25.811,29.954,57.296,279.0,273.0,,186.0,1.0,MEDIUM,17.0,False,,4095.604,6.0,124,False,False,McLaren
PIA,81,14.0,,53.447,43.247,59.061,248.0,219.0,164.0,234.0,2.0,SOFT,4.0,False,4119.106,,8.0,4,False,False,McLaren
PIA,81,15.0,148.037,37.851,43.813,66.373,225.0,191.0,168.0,123.0,2.0,SOFT,5.0,False,,,8.0,4,False,False,McLaren
PIA,81,16.0,137.978,36.877,40.791,60.31,247.0,222.0,274.0,233.0,2.0,SOFT,6.0,False,,,7.0,41,False,False,McLaren
PIA,81,17.0,95.97,24.983,29.171,41.816,298.0,286.0,278.0,310.0,2.0,SOFT,7.0,False,,,5.0,1,True,True,McLaren
PIA,81,18.0,96.874,25.094,28.967,42.813,282.0,271.0,279.0,291.0,2.0,SOFT,8.0,False,,,6.0,1,False,True,McLaren
PIA,81,19.0,95.635,25.041,28.949,41.645,289.0,277.0,267.0,320.0,2.0,SOFT,9.0,False,,,6.0,1,True,True,McLaren
BEA,87,1.0,,,31.205,43.229,291.0,266.0,278.0,321.0,1.0,MEDIUM,7.0,False,,,7.0,12,False,False,Haas F1 Team
BEA,87,2.0,99.413,25.863,31.073,42.477,279.0,269.0,275.0,329.0,1.0,MEDIUM,8.0,False,,,7.0,1,True,True,Haas F1 Team
BEA,87,3.0,98.299,25.962,29.841,42.496,272.0,264.0,274.0,305.0,1.0,MEDIUM,9.0,False,,,7.0,1,True,True,Haas F1 Team
BEA,87,4.0,98.837,25.874,30.092,42.871,270.0,259.0,272.0,299.0,1.0,MEDIUM,10.0,False,,,7.0,1,False,True,Haas F1 Team
BEA,87,5.0,99.562,26.054,30.283,43.225,277.0,265.0,275.0,305.0,1.0,MEDIUM,11.0,False,,,7.0,1,False,True,Haas F1 Team
BEA,87,6.0,99.841,26.19,30.251,43.4,274.0,262.0,274.0,301.0,1.0,MEDIUM,12.0,False,,,7.0,1,False,True,Haas F1 Team
BEA,87,7.0,99.174,26.059,29.964,43.151,270.0,262.0,272.0,294.0,1.0,MEDIUM,13.0,False,,,7.0,1,False,True,Haas F1 Team
BEA,87,8.0,99.098,26.076,29.774,43.248,271.0,261.0,273.0,299.0,1.0,MEDIUM,14.0,False,,,7.0,1,False,True,Haas F1 Team
BEA,87,9.0,99.647,26.058,30.277,43.312,271.0,260.0,275.0,298.0,1.0,MEDIUM,15.0,False,,,7.0,1,False,True,Haas F1 Team
BEA,87,10.0,100.139,26.215,30.02,43.904,270.0,258.0,275.0,296.0,1.0,MEDIUM,16.0,False,,,8.0,1,False,True,Haas F1 Team
BEA,87,11.0,99.805,26.419,30.322,43.064,273.0,263.0,276.0,309.0,1.0,MEDIUM,17.0,False,,,8.0,1,False,True,Haas F1 Team
BEA,87,12.0,99.737,26.215,30.254,43.268,278.0,264.0,275.0,299.0,1.0,MEDIUM,18.0,False,,,8.0,1,False,True,Haas F1 Team
BEA,87,13.0,113.209,26.214,30.135,56.86,274.0,265.0,186.0,180.0,1.0,MEDIUM,19.0,False,,,8.0,124,False,False,Haas F1 Team
BEA,87,14.0,137.852,35.792,41.865,60.195,150.0,220.0,150.0,227.0,1.0,MEDIUM,20.0,False,,,6.0,4,False,False,Haas F1 Team
BEA,87,15.0,147.072,38.524,43.918,64.63,195.0,122.0,226.0,102.0,1.0,MEDIUM,21.0,False,,,6.0,4,False,False,Haas F1 Team
BEA,87,16.0,139.717,37.257,41.298,61.162,189.0,202.0,280.0,158.0,1.0,MEDIUM,22.0,False,,,6.0,41,False,False,Haas F1 Team
BEA,87,17.0,99.389,25.733,30.414,43.242,289.0,268.0,279.0,310.0,1.0,MEDIUM,23.0,False,,,8.0,1,False,True,Haas F1 Team
BEA,87,18.0,97.374,25.378,29.567,42.429,282.0,269.0,278.0,324.0,1.0,MEDIUM,24.0,False,,,8.0,1,True,True,Haas F1 Team
BEA,87,19.0,97.603,25.574,29.679,42.35,281.0,268.0,269.0,327.0,1.0,MEDIUM,25.0,False,,,8.0,1,False,True,Haas F1 Team
