Driver,DriverNumber,LapNumber,LapTime_sec,Sector1Time_sec,Sector2Time_sec,Sector3Time_sec,SpeedI1,SpeedI2,SpeedFL,SpeedST,Stint,Compound,TyreLife,FreshTyre,PitOutTime_sec,PitInTime_sec,Position,IsPersonalBest,IsAccurate,Team
RUS,63,1.0,,,30.974,54.663,247.0,245.0,277.0,260.0,1.0,MEDIUM,1.0,True,986.869,,,False,False,Mercedes
RUS,63,2.0,93.03,24.276,28.182,40.572,276.0,264.0,259.0,318.0,1.0,MEDIUM,2.0,True,,,,True,True,Mercedes
RUS,63,3.0,125.536,30.753,37.442,57.341,251.0,158.0,,303.0,1.0,MEDIUM,3.0,True,,1317.427,,False,False,Mercedes
RUS,63,4.0,,,36.881,53.641,235.0,50.0,280.0,260.0,2.0,MEDIUM,1.0,True,2045.072,,,False,False,Mercedes
RUS,63,5.0,92.241,24.062,27.79,40.389,275.0,265.0,255.0,320.0,2.0,MEDIUM,2.0,True,,,,True,True,Mercedes
RUS,63,6.0,135.844,33.777,42.586,59.481,198.0,213.0,280.0,258.0,2.0,MEDIUM,3.0,True,,,,False,True,Mercedes
RUS,63,7.0,92.293,24.226,27.831,40.236,274.0,259.0,256.0,316.0,2.0,MEDIUM,4.0,True,,,,False,True,Mercedes
RUS,63,8.0,119.325,29.64,33.981,55.704,250.0,260.0,,232.0,2.0,MEDIUM,5.0,True,,2602.743,,False,False,Mercedes
RUS,63,9.0,,,30.159,46.145,239.0,237.0,281.0,258.0,3.0,SOFT,1.0,True,2957.856,,,False,False,Mercedes
RUS,63,10.0,91.52,23.962,27.569,39.989,269.0,255.0,260.0,313.0,3.0,SOFT,2.0,True,,,,True,True,Mercedes
RUS,63,11.0,123.622,33.731,41.687,48.204,204.0,179.0,282.0,291.0,3.0,SOFT,3.0,True,,,,False,True,Mercedes
RUS,63,12.0,91.707,23.974,27.627,40.106,271.0,252.0,258.0,315.0,3.0,SOFT,4.0,True,,,,False,True,Mercedes
RUS,63,13.0,131.382,31.386,36.132,63.864,209.0,200.0,,219.0,3.0,SOFT,5.0,True,,3495.09,,False,False,Mercedes
ANT,12,1.0,,,36.386,51.567,223.0,245.0,276.0,256.0,1.0,MEDIUM,1.0,True,978.447,,,False,False,Mercedes
ANT,12,2.0,93.455,24.508,28.154,40.793,279.0,269.0,254.0,314.0,1.0,MEDIUM,2.0,True,,,,True,True,Mercedes
ANT,12,3.0,129.938,38.392,37.667,53.879,158.0,238.0,,301.0,1.0,MEDIUM,3.0,True,,1318.411,,False,False,Mercedes
ANT,12,4.0,,,34.617,51.849,257.0,253.0,276.0,269.0,2.0,MEDIUM,1.0,True,2031.57,,,False,False,Mercedes
ANT,12,5.0,92.57,24.308,27.903,40.359,276.0,261.0,257.0,318.0,2.0,MEDIUM,2.0,True,,,,True,True,Mercedes
ANT,12,6.0,128.639,32.251,41.142,55.246,192.0,183.0,278.0,176.0,2.0,MEDIUM,3.0,True,,,,False,True,Mercedes
ANT,12,7.0,92.291,24.204,27.806,40.281,274.0,259.0,258.0,317.0,2.0,MEDIUM,4.0,True,,,,True,True,Mercedes
ANT,12,8.0,115.805,28.946,32.865,53.994,230.0,240.0,,243.0,2.0,MEDIUM,5.0,True,,2582.177,,False,False,Mercedes
ANT,12,9.0,,,30.74,45.437,226.0,257.0,280.0,262.0,3.0,SOFT,1.0,True,2949.246,,,False,False,Mercedes
ANT,12,10.0,91.88,23.966,27.558,40.356,272.0,251.0,259.0,313.0,3.0,SOFT,2.0,True,,,,True,True,Mercedes
ANT,12,11.0,124.484,31.58,43.059,49.845,181.0,172.0,280.0,263.0,3.0,SOFT,3.0,True,,,,False,True,Mercedes
ANT,12,12.0,91.809,23.998,27.598,40.213,271.0,260.0,257.0,313.0,3.0,SOFT,4.0,True,,,,True,True,Mercedes
ANT,12,13.0,115.716,29.011,31.734,54.971,226.0,223.0,,261.0,3.0,SOFT,5.0,True,,3472.562,,False,False,Mercedes
NOR,1,1.0,,,31.498,45.987,252.0,265.0,257.0,288.0,1.0,MEDIUM,1.0,True,865.315,,,False,False,McLaren
NOR,1,2.0,113.772,26.331,31.92,55.521,273.0,234.0,275.0,95.0,1.0,MEDIUM,2.0,True,,,,True,True,McLaren
NOR,1,3.0,93.783,24.587,28.412,40.784,289.0,275.0,259.0,313.0,1.0,MEDIUM,3.0,True,,,,True,True,McLaren
NOR,1,4.0,121.769,32.938,33.596,55.235,234.0,244.0,,256.0,1.0,MEDIUM,4.0,True,,1302.742,,False,False,McLaren
NOR,1,5.0,,,31.26,46.413,265.0,262.0,256.0,289.0,2.0,MEDIUM,1.0,True,1924.921,,,False,False,McLaren
NOR,1,6.0,111.264,28.048,30.49,52.726,264.0,264.0,275.0,303.0,2.0,MEDIUM,2.0,True,,,,True,True,McLaren
NOR,1,7.0,93.163,24.356,28.181,40.626,288.0,274.0,258.0,314.0,2.0,MEDIUM,3.0,True,,,,True,True,McLaren
NOR,1,8.0,127.3,31.866,38.53,56.904,195.0,215.0,275.0,163.0,2.0,MEDIUM,4.0,True,,,,False,True,McLaren
NOR,1,9.0,93.086,24.451,28.086,40.549,281.0,271.0,258.0,312.0,2.0,MEDIUM,5.0,True,,,,True,True,McLaren
NOR,1,10.0,119.07,29.762,33.662,55.646,244.0,226.0,,216.0,2.0,MEDIUM,6.0,True,,2580.412,,False,False,McLaren
NOR,1,11.0,,,29.38,50.445,247.0,256.0,278.0,289.0,3.0,SOFT,1.0,True,3219.966,,,False,False,McLaren
NOR,1,12.0,92.141,23.961,27.616,40.564,278.0,272.0,259.0,306.0,3.0,SOFT,2.0,True,,,,True,True,McLaren
NOR,1,13.0,123.523,30.635,34.457,58.431,210.0,207.0,,208.0,3.0,SOFT,3.0,True,,3542.501,,False,False,McLaren
PIA,81,1.0,,,32.34,48.353,253.0,265.0,253.0,260.0,1.0,MEDIUM,1.0,True,850.143,,,False,False,McLaren
PIA,81,2.0,109.171,28.415,32.389,48.367,267.0,266.0,275.0,290.0,1.0,MEDIUM,2.0,True,,,,True,True,McLaren
PIA,81,3.0,93.813,24.517,28.436,40.86,289.0,275.0,259.0,312.0,1.0,MEDIUM,3.0,True,,,,True,True,McLaren
PIA,81,4.0,130.586,35.467,39.124,55.995,200.0,234.0,,236.0,1.0,MEDIUM,4.0,True,,1299.298,,False,False,McLaren
PIA,81,5.0,,,31.847,46.092,260.0,255.0,251.0,290.0,2.0,MEDIUM,1.0,True,1918.655,,,False,False,McLaren
PIA,81,6.0,113.82,28.163,32.976,52.681,277.0,258.0,276.0,193.0,2.0,MEDIUM,2.0,True,,,,True,True,McLaren
PIA,81,7.0,93.146,24.363,28.129,40.654,288.0,275.0,258.0,312.0,2.0,MEDIUM,3.0,True,,,,True,True,McLaren
PIA,81,8.0,126.217,33.583,37.124,55.51,208.0,187.0,277.0,252.0,2.0,MEDIUM,4.0,True,,,,False,True,McLaren
PIA,81,9.0,93.038,24.368,28.101,40.569,289.0,273.0,257.0,313.0,2.0,MEDIUM,5.0,True,,,,True,True,McLaren
PIA,81,10.0,122.804,30.49,34.393,57.921,213.0,212.0,,229.0,2.0,MEDIUM,6.0,True,,2576.658,,False,False,McLaren
PIA,81,11.0,,,30.906,46.366,251.0,247.0,280.0,259.0,3.0,SOFT,1.0,True,3226.232,,,False,False,McLaren
PIA,81,12.0,92.224,23.913,27.793,40.518,285.0,272.0,258.0,307.0,3.0,SOFT,2.0,True,,,,True,True,McLaren
PIA,81,13.0,128.768,30.452,35.39,62.926,204.0,216.0,,211.0,3.0,SOFT,3.0,True,,3556.832,,False,False,McLaren
LEC,16,1.0,,,30.972,56.034,265.0,253.0,276.0,249.0,1.0,MEDIUM,1.0,True,823.184,,,False,False,Ferrari
LEC,16,2.0,94.248,24.506,28.67,41.072,269.0,273.0,261.0,311.0,1.0,MEDIUM,2.0,True,,,,True,True,Ferrari
LEC,16,3.0,126.713,35.198,33.441,58.074,235.0,232.0,276.0,132.0,1.0,MEDIUM,3.0,True,,,,False,True,Ferrari
LEC,16,4.0,93.423,24.395,28.29,40.738,269.0,273.0,266.0,310.0,1.0,MEDIUM,4.0,True,,,,True,True,Ferrari
LEC,16,5.0,127.438,32.139,40.235,55.064,206.0,165.0,277.0,221.0,1.0,MEDIUM,5.0,True,,,,False,True,Ferrari
LEC,16,6.0,93.194,24.492,28.15,40.552,273.0,274.0,261.0,311.0,1.0,MEDIUM,6.0,True,,,,True,True,Ferrari
LEC,16,7.0,113.107,28.614,34.276,50.217,248.0,270.0,,283.0,1.0,MEDIUM,7.0,True,,1597.991,,False,False,Ferrari
LEC,16,8.0,,,31.419,56.041,270.0,141.0,277.0,252.0,2.0,MEDIUM,1.0,True,2005.397,,,False,False,Ferrari
LEC,16,9.0,92.602,24.184,28.106,40.312,272.0,270.0,255.0,312.0,2.0,MEDIUM,2.0,True,,,,True,True,Ferrari
LEC,16,10.0,118.395,29.569,33.567,55.259,250.0,225.0,,269.0,2.0,MEDIUM,3.0,True,,2328.732,,False,False,Ferrari
LEC,16,11.0,,,32.953,55.678,279.0,269.0,,263.0,3.0,MEDIUM,4.0,False,2484.788,2598.023,,False,False,Ferrari
LEC,16,12.0,,,35.54,46.284,267.0,262.0,279.0,251.0,4.0,SOFT,1.0,True,2969.35,,,False,False,Ferrari
LEC,16,13.0,92.732,24.13,28.243,40.359,272.0,260.0,254.0,304.0,4.0,SOFT,2.0,True,,,,True,True,Ferrari
LEC,16,14.0,121.526,33.287,37.211,51.028,173.0,186.0,278.0,280.0,4.0,SOFT,3.0,True,,,,False,True,Ferrari
LEC,16,15.0,92.528,24.105,27.77,40.653,273.0,276.0,252.0,299.0,4.0,SOFT,4.0,True,,,,True,True,Ferrari
LEC,16,16.0,130.657,31.811,32.575,66.271,200.0,198.0,,144.0,4.0,SOFT,5.0,True,,3512.43,,False,False,Ferrari
HAM,44,1.0,,,31.395,53.024,260.0,261.0,276.0,252.0,1.0,MEDIUM,1.0,True,844.808,,,False,False,Ferrari
HAM,44,2.0,93.73,24.74,28.122,40.868,271.0,273.0,263.0,314.0,1.0,MEDIUM,2.0,True,,,,True,True,Ferrari
HAM,44,3.0,133.715,35.236,44.23,54.249,206.0,178.0,275.0,263.0,1.0,MEDIUM,3.0,True,,,,False,True,Ferrari
HAM,44,4.0,93.148,24.684,28.061,40.403,272.0,277.0,256.0,318.0,1.0,MEDIUM,4.0,True,,,,True,True,Ferrari
HAM,44,5.0,132.457,33.072,42.259,57.126,224.0,251.0,,260.0,1.0,MEDIUM,5.0,True,,1411.342,,False,False,Ferrari
HAM,44,6.0,,,31.258,54.197,262.0,246.0,277.0,254.0,2.0,MEDIUM,1.0,True,2014.913,,,False,False,Ferrari
HAM,44,7.0,93.26,24.464,28.377,40.419,271.0,277.0,261.0,315.0,2.0,MEDIUM,2.0,True,,,,True,True,Ferrari
HAM,44,8.0,128.727,34.941,41.25,52.536,196.0,219.0,277.0,259.0,2.0,MEDIUM,3.0,True,,,,False,True,Ferrari
HAM,44,9.0,93.042,24.503,28.12,40.419,270.0,277.0,256.0,310.0,2.0,MEDIUM,4.0,True,,,,True,True,Ferrari
HAM,44,10.0,127.314,33.741,37.691,55.882,208.0,197.0,,260.0,2.0,MEDIUM,5.0,True,,2569.106,,False,False,Ferrari
HAM,44,11.0,,,31.528,47.312,263.0,259.0,279.0,250.0,3.0,SOFT,1.0,True,2978.189,,,False,False,Ferrari
HAM,44,12.0,92.161,24.11,27.694,40.357,267.0,278.0,266.0,306.0,3.0,SOFT,2.0,True,,,,True,True,Ferrari
HAM,44,13.0,129.992,32.308,42.912,54.772,204.0,178.0,275.0,197.0,3.0,SOFT,3.0,True,,,,False,True,Ferrari
HAM,44,14.0,92.505,24.227,27.719,40.559,270.0,278.0,254.0,303.0,3.0,SOFT,4.0,True,,,,False,True,Ferrari
HAM,44,15.0,131.156,30.671,35.439,65.046,198.0,207.0,,209.0,3.0,SOFT,5.0,True,,3530.655,,False,False,Ferrari
BEA,87,1.0,,,33.503,47.798,241.0,268.0,250.0,282.0,1.0,MEDIUM,1.0,True,800.75,,,False,False,Haas F1 Team
BEA,87,2.0,106.37,27.352,31.206,47.812,282.0,271.0,275.0,247.0,1.0,MEDIUM,2.0,True,,,,True,True,Haas F1 Team
BEA,87,3.0,94.28,24.788,28.44,41.052,279.0,271.0,264.0,313.0,1.0,MEDIUM,3.0,True,,,,True,True,Haas F1 Team
BEA,87,4.0,127.784,37.335,39.721,50.728,209.0,125.0,272.0,277.0,1.0,MEDIUM,4.0,True,,,,False,True,Haas F1 Team
BEA,87,5.0,116.83,28.877,32.079,55.874,231.0,273.0,276.0,275.0,1.0,MEDIUM,5.0,True,,,,False,True,Haas F1 Team
BEA,87,6.0,95.16,24.772,28.254,42.134,280.0,273.0,227.0,315.0,1.0,MEDIUM,6.0,True,,,,False,True,Haas F1 Team
BEA,87,7.0,118.686,32.295,31.468,54.923,278.0,273.0,,284.0,1.0,MEDIUM,7.0,True,,1573.745,,False,False,Haas F1 Team
BEA,87,8.0,,,31.007,46.718,281.0,265.0,277.0,248.0,2.0,MEDIUM,1.0,True,1937.37,,,False,False,Haas F1 Team
BEA,87,9.0,93.999,24.661,28.484,40.854,280.0,267.0,244.0,317.0,2.0,MEDIUM,2.0,True,,,,True,True,Haas F1 Team
BEA,87,10.0,125.707,37.846,39.108,48.753,165.0,271.0,190.0,288.0,2.0,MEDIUM,3.0,True,,,,False,True,Haas F1 Team
BEA,87,11.0,118.129,33.516,32.058,52.555,233.0,270.0,277.0,274.0,2.0,MEDIUM,4.0,True,,,,False,True,Haas F1 Team
BEA,87,12.0,93.501,24.56,28.196,40.745,280.0,272.0,255.0,314.0,2.0,MEDIUM,5.0,True,,,,True,True,Haas F1 Team
BEA,87,13.0,122.854,32.207,34.876,55.771,185.0,221.0,,284.0,2.0,MEDIUM,6.0,True,,2600.212,,False,False,Haas F1 Team
BEA,87,14.0,,,31.156,47.639,264.0,256.0,278.0,248.0,3.0,SOFT,8.0,False,3221.81,,,False,False,Haas F1 Team
BEA,87,15.0,93.409,24.401,28.079,40.929,277.0,272.0,262.0,312.0,3.0,SOFT,9.0,False,,,,True,True,Haas F1 Team
BEA,87,16.0,126.469,31.386,32.67,62.413,196.0,271.0,,265.0,3.0,SOFT,10.0,False,,3545.103,,False,False,Haas F1 Team
VER,3,1.0,,,33.94,53.649,250.0,239.0,278.0,211.0,1.0,MEDIUM,1.0,True,778.585,,,False,False,Red Bull Racing
VER,3,2.0,94.5,24.866,28.711,40.923,285.0,277.0,259.0,318.0,1.0,MEDIUM,2.0,True,,,,True,True,Red Bull Racing
VER,3,3.0,125.748,36.509,37.36,51.879,224.0,243.0,279.0,265.0,1.0,MEDIUM,3.0,True,,,,False,True,Red Bull Racing
VER,3,4.0,94.181,24.753,28.669,40.759,287.0,279.0,256.0,318.0,1.0,MEDIUM,4.0,True,,,,True,True,Red Bull Racing
VER,3,5.0,124.607,35.932,38.599,50.076,188.0,252.0,278.0,200.0,1.0,MEDIUM,5.0,True,,,,False,True,Red Bull Racing
VER,3,6.0,94.17,24.821,28.509,40.84,287.0,283.0,259.0,317.0,1.0,MEDIUM,6.0,True,,,,True,True,Red Bull Racing
VER,3,7.0,120.432,28.09,40.1,52.242,240.0,235.0,,298.0,1.0,MEDIUM,7.0,True,,1546.985,,False,False,Red Bull Racing
VER,3,8.0,,,32.048,49.831,241.0,244.0,279.0,248.0,2.0,MEDIUM,1.0,True,1971.919,,,False,False,Red Bull Racing
VER,3,9.0,93.564,24.6,28.432,40.532,287.0,280.0,261.0,313.0,2.0,MEDIUM,2.0,True,,,,True,True,Red Bull Racing
VER,3,10.0,125.661,34.757,38.538,52.366,170.0,255.0,278.0,189.0,2.0,MEDIUM,3.0,True,,,,False,True,Red Bull Racing
VER,3,11.0,97.553,24.667,28.43,44.456,286.0,282.0,142.0,312.0,2.0,MEDIUM,4.0,True,,,,False,True,Red Bull Racing
VER,3,12.0,125.053,32.871,37.787,54.395,198.0,160.0,,248.0,2.0,MEDIUM,5.0,True,,2524.153,,False,False,Red Bull Racing
VER,3,13.0,,,31.576,47.812,235.0,240.0,279.0,251.0,3.0,SOFT,1.0,True,2963.547,,,False,False,Red Bull Racing
VER,3,14.0,93.254,24.404,28.258,40.592,281.0,277.0,263.0,305.0,3.0,SOFT,2.0,True,,,,True,True,Red Bull Racing
VER,3,15.0,121.137,33.968,38.191,48.978,181.0,242.0,280.0,288.0,3.0,SOFT,3.0,True,,,,False,True,Red Bull Racing
VER,3,16.0,96.396,24.434,28.263,43.699,281.0,275.0,150.0,303.0,3.0,SOFT,4.0,True,,,,False,True,Red Bull Racing
VER,3,17.0,122.327,33.48,32.777,56.07,191.0,211.0,,251.0,3.0,SOFT,5.0,True,,3499.208,,False,False,Red Bull Racing
HUL,27,1.0,,,34.328,47.715,229.0,243.0,268.0,254.0,1.0,MEDIUM,1.0,True,786.437,,,False,False,Audi
HUL,27,2.0,103.4,26.944,31.201,45.255,268.0,258.0,278.0,264.0,1.0,MEDIUM,2.0,True,,,,True,True,Audi
HUL,27,3.0,93.997,24.852,28.51,40.635,288.0,284.0,265.0,319.0,1.0,MEDIUM,3.0,True,,,,True,True,Audi
HUL,27,4.0,125.376,33.195,41.764,50.417,176.0,169.0,275.0,226.0,1.0,MEDIUM,4.0,True,,,,False,True,Audi
HUL,27,5.0,94.159,24.748,28.415,40.996,287.0,283.0,254.0,321.0,1.0,MEDIUM,5.0,True,,,,False,True,Audi
HUL,27,6.0,122.495,33.289,40.882,48.324,172.0,205.0,276.0,246.0,1.0,MEDIUM,6.0,True,,,,False,True,Audi
HUL,27,7.0,94.022,24.701,28.468,40.853,289.0,284.0,263.0,316.0,1.0,MEDIUM,7.0,True,,,,False,True,Audi
HUL,27,8.0,118.633,29.57,35.785,53.278,206.0,247.0,,273.0,1.0,MEDIUM,8.0,True,,1646.811,,False,False,Audi
HUL,27,9.0,,,34.501,46.793,257.0,247.0,260.0,262.0,2.0,MEDIUM,1.0,True,1916.773,,,False,False,Audi
HUL,27,10.0,108.241,27.597,31.736,48.908,272.0,261.0,277.0,255.0,2.0,MEDIUM,2.0,True,,,,True,True,Audi
HUL,27,11.0,93.635,24.701,28.261,40.673,286.0,280.0,267.0,315.0,2.0,MEDIUM,3.0,True,,,,True,True,Audi
HUL,27,12.0,127.984,33.351,40.735,53.898,171.0,214.0,277.0,286.0,2.0,MEDIUM,4.0,True,,,,False,True,Audi
HUL,27,13.0,93.661,24.629,28.262,40.77,288.0,281.0,265.0,319.0,2.0,MEDIUM,5.0,True,,,,False,True,Audi
HUL,27,14.0,117.05,30.848,32.359,53.843,197.0,248.0,,275.0,2.0,MEDIUM,6.0,True,,2564.353,,False,False,Audi
GAS,10,1.0,,,32.146,48.208,238.0,262.0,279.0,200.0,1.0,MEDIUM,1.0,True,939.738,,,False,False,Alpine
GAS,10,2.0,94.52,24.64,28.617,41.263,282.0,273.0,254.0,322.0,1.0,MEDIUM,2.0,True,,,,True,True,Alpine
GAS,10,3.0,124.197,35.03,36.406,52.761,182.0,247.0,254.0,290.0,1.0,MEDIUM,3.0,True,,,,False,True,Alpine
GAS,10,4.0,121.099,29.022,35.184,56.893,251.0,245.0,278.0,233.0,1.0,MEDIUM,4.0,True,,,,False,True,Alpine
GAS,10,5.0,93.97,24.515,28.334,41.121,284.0,276.0,252.0,317.0,1.0,MEDIUM,5.0,True,,,,True,True,Alpine
GAS,10,6.0,126.988,31.446,35.908,59.634,231.0,213.0,,290.0,1.0,MEDIUM,6.0,True,,1607.883,,False,False,Alpine
GAS,10,7.0,,,32.205,46.619,247.0,249.0,278.0,266.0,2.0,MEDIUM,1.0,True,1941.806,,,False,False,Alpine
GAS,10,8.0,93.571,24.451,28.407,40.713,283.0,273.0,253.0,322.0,2.0,MEDIUM,2.0,True,,,,True,True,Alpine
GAS,10,9.0,123.598,37.326,36.286,49.986,206.0,249.0,244.0,305.0,2.0,MEDIUM,3.0,True,,,,False,True,Alpine
GAS,10,10.0,123.362,31.535,37.799,54.028,253.0,245.0,277.0,229.0,2.0,MEDIUM,4.0,True,,,,False,True,Alpine
GAS,10,11.0,93.405,24.447,28.255,40.703,284.0,274.0,253.0,317.0,2.0,MEDIUM,5.0,True,,,,True,True,Alpine
GAS,10,12.0,130.013,30.616,37.336,62.061,228.0,211.0,,215.0,2.0,MEDIUM,6.0,True,,2620.961,,False,False,Alpine
GAS,10,13.0,,,32.159,47.718,227.0,245.0,279.0,264.0,3.0,SOFT,1.0,True,3211.716,,,False,False,Alpine
GAS,10,14.0,92.888,24.293,27.84,40.755,281.0,277.0,253.0,313.0,3.0,SOFT,2.0,True,,,,True,True,Alpine
GAS,10,15.0,129.695,32.424,34.652,62.619,216.0,249.0,,291.0,3.0,SOFT,3.0,True,,3538.846,,False,False,Alpine
LAW,30,1.0,,,32.475,50.733,239.0,250.0,274.0,267.0,1.0,MEDIUM,1.0,True,814.038,,,False,False,Racing Bulls
LAW,30,2.0,94.722,24.917,28.72,41.085,287.0,287.0,262.0,320.0,1.0,MEDIUM,2.0,True,,,,True,True,Racing Bulls
LAW,30,3.0,115.245,29.477,36.231,49.537,230.0,223.0,277.0,264.0,1.0,MEDIUM,3.0,True,,,,False,True,Racing Bulls
LAW,30,4.0,94.4,24.813,28.58,41.007,291.0,286.0,264.0,319.0,1.0,MEDIUM,4.0,True,,,,True,True,Racing Bulls
LAW,30,5.0,132.042,31.868,37.291,62.883,223.0,231.0,277.0,173.0,1.0,MEDIUM,5.0,True,,,,False,True,Racing Bulls
LAW,30,6.0,94.11,24.84,28.492,40.778,292.0,286.0,263.0,319.0,1.0,MEDIUM,6.0,True,,,,True,True,Racing Bulls
LAW,30,7.0,119.064,28.938,34.603,55.523,227.0,240.0,,267.0,1.0,MEDIUM,7.0,True,,1579.786,,False,False,Racing Bulls
LAW,30,8.0,,,33.122,47.351,249.0,247.0,277.0,262.0,2.0,MEDIUM,1.0,True,1987.455,,,False,False,Racing Bulls
LAW,30,9.0,93.914,24.667,28.49,40.757,294.0,283.0,266.0,320.0,2.0,MEDIUM,2.0,True,,,,True,True,Racing Bulls
LAW,30,10.0,114.616,28.876,35.359,50.381,191.0,216.0,240.0,234.0,2.0,MEDIUM,3.0,True,,,,False,True,Racing Bulls
LAW,30,11.0,117.7,28.866,32.897,55.937,246.0,249.0,278.0,260.0,2.0,MEDIUM,4.0,True,,,,False,True,Racing Bulls
LAW,30,12.0,93.714,24.645,28.293,40.776,290.0,281.0,269.0,316.0,2.0,MEDIUM,5.0,True,,,,True,True,Racing Bulls
LAW,30,13.0,119.903,27.948,33.561,58.394,222.0,213.0,,223.0,2.0,MEDIUM,6.0,True,,2637.347,,False,False,Racing Bulls
BOR,5,1.0,,,33.565,47.282,232.0,243.0,258.0,251.0,1.0,MEDIUM,1.0,True,792.281,,,False,False,Audi
BOR,5,2.0,104.833,27.441,31.167,46.225,265.0,253.0,274.0,250.0,1.0,MEDIUM,2.0,True,,,,True,True,Audi
BOR,5,3.0,94.646,24.774,28.868,41.004,286.0,284.0,259.0,321.0,1.0,MEDIUM,3.0,True,,,,True,True,Audi
BOR,5,4.0,123.914,34.008,38.815,51.091,199.0,208.0,277.0,253.0,1.0,MEDIUM,4.0,True,,,,False,True,Audi
BOR,5,5.0,98.344,24.748,28.523,45.073,286.0,285.0,193.0,309.0,1.0,MEDIUM,5.0,True,,,,False,True,Audi
BOR,5,6.0,119.614,36.541,36.44,46.633,198.0,245.0,275.0,252.0,1.0,MEDIUM,6.0,True,,,,False,True,Audi
BOR,5,7.0,94.291,24.712,28.612,40.967,286.0,285.0,256.0,321.0,1.0,MEDIUM,7.0,True,,,,True,True,Audi
BOR,5,8.0,124.674,30.832,34.168,59.674,210.0,252.0,,202.0,1.0,MEDIUM,8.0,True,,1660.842,,False,False,Audi
BOR,5,9.0,,,32.602,46.565,249.0,255.0,259.0,254.0,2.0,MEDIUM,1.0,True,1932.547,,,False,False,Audi
BOR,5,10.0,114.784,27.269,32.087,55.428,268.0,259.0,275.0,173.0,2.0,MEDIUM,2.0,True,,,,True,True,Audi
BOR,5,11.0,93.774,24.568,28.445,40.761,287.0,284.0,257.0,321.0,2.0,MEDIUM,3.0,True,,,,True,True,Audi
BOR,5,12.0,129.285,33.709,39.273,56.303,161.0,190.0,276.0,253.0,2.0,MEDIUM,4.0,True,,,,False,True,Audi
BOR,5,13.0,96.574,24.575,28.28,43.719,285.0,280.0,242.0,316.0,2.0,MEDIUM,5.0,True,,,,False,True,Audi
BOR,5,14.0,129.578,34.139,37.469,57.97,176.0,233.0,,218.0,2.0,MEDIUM,6.0,True,,2606.122,,False,False,Audi
HAD,6,1.0,,,32.56,53.886,246.0,257.0,277.0,146.0,1.0,MEDIUM,1.0,True,770.529,,,False,False,Red Bull Racing
HAD,6,2.0,94.447,24.982,28.646,40.819,285.0,281.0,255.0,320.0,1.0,MEDIUM,2.0,True,,,,True,True,Red Bull Racing
HAD,6,3.0,127.048,37.284,37.842,51.922,201.0,241.0,278.0,148.0,1.0,MEDIUM,3.0,True,,,,False,True,Red Bull Racing
HAD,6,4.0,94.727,24.906,28.645,41.176,286.0,280.0,259.0,319.0,1.0,MEDIUM,4.0,True,,,,False,True,Red Bull Racing
HAD,6,5.0,124.676,36.706,36.672,51.298,211.0,233.0,279.0,192.0,1.0,MEDIUM,5.0,True,,,,False,True,Red Bull Racing
HAD,6,6.0,94.476,24.939,28.503,41.034,287.0,282.0,255.0,315.0,1.0,MEDIUM,6.0,True,,,,False,True,Red Bull Racing
HAD,6,7.0,119.233,32.469,31.865,54.899,253.0,259.0,,272.0,1.0,MEDIUM,7.0,True,,1540.463,,False,False,Red Bull Racing
HAD,6,8.0,,,31.563,50.899,265.0,254.0,278.0,251.0,2.0,MEDIUM,1.0,True,1958.081,,,False,False,Red Bull Racing
HAD,6,9.0,93.62,24.65,28.477,40.493,286.0,281.0,267.0,321.0,2.0,MEDIUM,2.0,True,,,,True,True,Red Bull Racing
HAD,6,10.0,126.555,38.237,36.368,51.95,200.0,214.0,278.0,202.0,2.0,MEDIUM,3.0,True,,,,False,True,Red Bull Racing
HAD,6,11.0,94.012,24.793,28.543,40.676,283.0,276.0,277.0,315.0,2.0,MEDIUM,4.0,True,,,,False,True,Red Bull Racing
HAD,6,12.0,120.122,33.224,31.847,55.051,212.0,256.0,,288.0,2.0,MEDIUM,5.0,True,,2508.862,,False,False,Red Bull Racing
HAD,6,13.0,,,31.351,50.15,247.0,249.0,279.0,177.0,3.0,SOFT,1.0,True,3235.576,,,False,False,Red Bull Racing
HAD,6,14.0,93.723,24.478,28.236,41.009,281.0,272.0,262.0,299.0,3.0,SOFT,2.0,True,,,,True,True,Red Bull Racing
HAD,6,15.0,,33.555,36.007,,197.0,218.0,,214.0,3.0,SOFT,3.0,True,,3577.333,,False,False,Red Bull Racing
OCO,31,1.0,,,33.609,47.843,269.0,269.0,267.0,281.0,1.0,MEDIUM,1.0,True,796.672,,,False,False,Haas F1 Team
OCO,31,2.0,107.762,27.666,32.596,47.5,281.0,269.0,275.0,260.0,1.0,MEDIUM,2.0,True,,,,True,True,Haas F1 Team
OCO,31,3.0,94.515,24.807,28.505,41.203,276.0,273.0,255.0,308.0,1.0,MEDIUM,3.0,True,,,,True,True,Haas F1 Team
OCO,31,4.0,125.229,31.258,36.307,57.664,224.0,202.0,240.0,166.0,1.0,MEDIUM,4.0,True,,,,False,True,Haas F1 Team
OCO,31,5.0,119.813,29.096,37.007,53.71,232.0,203.0,274.0,280.0,1.0,MEDIUM,5.0,True,,,,False,True,Haas F1 Team
OCO,31,6.0,94.087,24.802,28.248,41.037,278.0,278.0,260.0,311.0,1.0,MEDIUM,6.0,True,,,,True,True,Haas F1 Team
OCO,31,7.0,122.053,27.92,34.361,59.772,230.0,207.0,,209.0,1.0,MEDIUM,7.0,True,,1572.279,,False,False,Haas F1 Team
OCO,31,8.0,,,31.522,49.944,283.0,265.0,276.0,269.0,2.0,MEDIUM,1.0,True,1992.913,,,False,False,Haas F1 Team
OCO,31,9.0,93.639,24.553,28.184,40.902,276.0,273.0,256.0,312.0,2.0,MEDIUM,2.0,True,,,,True,True,Haas F1 Team
OCO,31,10.0,122.648,30.264,36.393,55.991,208.0,187.0,194.0,176.0,2.0,MEDIUM,3.0,True,,,,False,True,Haas F1 Team
OCO,31,11.0,116.818,32.652,36.161,48.005,192.0,255.0,277.0,263.0,2.0,MEDIUM,4.0,True,,,,False,True,Haas F1 Team
OCO,31,12.0,93.827,24.598,28.141,41.088,275.0,275.0,258.0,305.0,2.0,MEDIUM,5.0,True,,,,False,True,Haas F1 Team
OCO,31,13.0,125.44,29.152,35.695,60.593,219.0,191.0,,221.0,2.0,MEDIUM,6.0,True,,2656.215,,False,False,Haas F1 Team
COL,43,1.0,,,33.539,45.799,168.0,244.0,273.0,272.0,1.0,MEDIUM,1.0,True,941.687,,,False,False,Alpine
COL,43,2.0,95.689,25.194,28.929,41.566,282.0,272.0,252.0,320.0,1.0,MEDIUM,2.0,True,,,,True,True,Alpine
COL,43,3.0,127.337,34.961,39.794,52.582,176.0,193.0,186.0,128.0,1.0,MEDIUM,3.0,True,,,,False,True,Alpine
COL,43,4.0,121.557,32.401,34.788,54.368,261.0,239.0,277.0,121.0,1.0,MEDIUM,4.0,True,,,,False,True,Alpine
COL,43,5.0,94.592,24.758,28.687,41.147,284.0,274.0,253.0,316.0,1.0,MEDIUM,5.0,True,,,,True,True,Alpine
COL,43,6.0,116.831,29.665,32.88,54.286,241.0,221.0,,282.0,1.0,MEDIUM,6.0,True,,1609.06,,False,False,Alpine
COL,43,7.0,,,33.076,47.077,247.0,251.0,278.0,259.0,2.0,MEDIUM,1.0,True,1950.141,,,False,False,Alpine
COL,43,8.0,94.759,25.121,28.661,40.977,283.0,273.0,253.0,321.0,2.0,MEDIUM,2.0,True,,,,True,True,Alpine
COL,43,9.0,128.576,38.303,38.639,51.634,189.0,249.0,175.0,299.0,2.0,MEDIUM,3.0,True,,,,False,True,Alpine
COL,43,10.0,120.559,37.559,35.777,47.223,237.0,244.0,278.0,267.0,2.0,MEDIUM,4.0,True,,,,False,True,Alpine
COL,43,11.0,94.327,24.681,28.7,40.946,283.0,271.0,254.0,318.0,2.0,MEDIUM,5.0,True,,,,True,True,Alpine
COL,43,12.0,121.053,30.273,34.869,55.911,236.0,248.0,,219.0,2.0,MEDIUM,6.0,True,,2625.801,,False,False,Alpine
ALB,23,1.0,,,32.319,46.409,232.0,254.0,275.0,267.0,1.0,MEDIUM,1.0,True,968.009,,,False,False,Williams
ALB,23,2.0,106.223,26.304,30.911,49.008,289.0,272.0,275.0,271.0,1.0,MEDIUM,2.0,True,,,,True,True,Williams
ALB,23,3.0,95.305,24.828,29.03,41.447,286.0,271.0,257.0,325.0,1.0,MEDIUM,3.0,True,,,,True,True,Williams
ALB,23,4.0,133.41,35.451,38.924,59.035,226.0,164.0,276.0,304.0,1.0,MEDIUM,4.0,True,,,,False,True,Williams
ALB,23,5.0,105.327,24.919,28.949,51.459,285.0,272.0,275.0,270.0,1.0,MEDIUM,5.0,True,,,,False,True,Williams
ALB,23,6.0,104.546,25.001,29.033,50.512,284.0,272.0,,324.0,1.0,MEDIUM,6.0,True,,1620.842,,False,False,Williams
SAI,55,1.0,,,32.084,46.227,261.0,244.0,273.0,262.0,1.0,MEDIUM,1.0,True,958.624,,,False,False,Williams
SAI,55,2.0,110.164,25.774,30.537,53.853,281.0,240.0,277.0,257.0,1.0,MEDIUM,2.0,True,,,,True,True,Williams
SAI,55,3.0,94.945,24.806,28.785,41.354,285.0,275.0,255.0,325.0,1.0,MEDIUM,3.0,True,,,,True,True,Williams
SAI,55,4.0,133.658,36.923,40.093,56.642,206.0,210.0,276.0,271.0,1.0,MEDIUM,4.0,True,,,,False,True,Williams
SAI,55,5.0,94.761,24.801,28.792,41.168,286.0,275.0,256.0,321.0,1.0,MEDIUM,5.0,True,,,,True,True,Williams
SAI,55,6.0,121.443,33.256,33.641,54.546,221.0,239.0,,280.0,1.0,MEDIUM,6.0,True,,1621.793,,False,False,Williams
ALO,14,1.0,,,33.161,49.65,244.0,236.0,267.0,261.0,1.0,MEDIUM,1.0,True,1024.509,,,False,False,Aston Martin
ALO,14,2.0,96.172,25.289,28.936,41.947,274.0,267.0,252.0,304.0,1.0,MEDIUM,2.0,True,,,,True,True,Aston Martin
ALO,14,3.0,118.65,33.556,33.621,51.473,243.0,238.0,271.0,273.0,1.0,MEDIUM,3.0,True,,,,False,True,Aston Martin
ALO,14,4.0,95.581,25.123,28.884,41.574,277.0,268.0,256.0,306.0,1.0,MEDIUM,4.0,True,,,,True,True,Aston Martin
ALO,14,5.0,119.854,29.992,34.131,55.731,203.0,210.0,,224.0,1.0,MEDIUM,5.0,True,,1564.082,,False,False,Aston Martin
BOT,77,1.0,,,34.044,48.028,261.0,260.0,269.0,277.0,1.0,MEDIUM,1.0,True,764.271,,,False,False,Cadillac
BOT,77,2.0,109.353,27.284,31.923,50.146,288.0,261.0,265.0,215.0,1.0,MEDIUM,2.0,True,,,,True,True,Cadillac
BOT,77,3.0,99.832,25.97,29.698,44.164,286.0,264.0,236.0,288.0,1.0,MEDIUM,3.0,True,,,,True,True,Cadillac
BOT,77,4.0,120.771,33.062,37.593,50.116,149.0,266.0,276.0,236.0,1.0,MEDIUM,4.0,True,,,,False,True,Cadillac
BOT,77,5.0,97.402,25.12,29.014,43.268,287.0,267.0,240.0,288.0,1.0,MEDIUM,5.0,True,,,,True,True,Cadillac
BOT,77,6.0,121.577,30.481,37.056,54.04,233.0,233.0,275.0,140.0,1.0,MEDIUM,6.0,True,,,,False,True,Cadillac
BOT,77,7.0,97.378,25.11,29.157,43.111,285.0,258.0,237.0,290.0,1.0,MEDIUM,7.0,True,,,,True,True,Cadillac
BOT,77,8.0,123.293,32.365,36.373,54.555,217.0,255.0,,285.0,1.0,MEDIUM,8.0,True,,1645.778,,False,False,Cadillac
STR,18,1.0,,,34.243,49.166,269.0,230.0,266.0,268.0,1.0,MEDIUM,1.0,True,804.031,,,False,False,Aston Martin
STR,18,2.0,98.378,25.675,30.157,42.546,277.0,267.0,257.0,310.0,1.0,MEDIUM,2.0,True,,,,False,True,Aston Martin
STR,18,3.0,130.528,35.522,37.632,57.374,203.0,220.0,271.0,233.0,1.0,MEDIUM,3.0,True,,,,True,True,Aston Martin
STR,18,4.0,96.154,25.151,29.165,41.838,279.0,267.0,250.0,307.0,1.0,MEDIUM,4.0,True,,,,True,True,Aston Martin
STR,18,5.0,131.075,35.902,39.622,55.551,194.0,222.0,270.0,268.0,1.0,MEDIUM,5.0,True,,,,False,True,Aston Martin
STR,18,6.0,96.151,25.256,29.04,41.855,277.0,267.0,249.0,305.0,1.0,MEDIUM,6.0,True,,,,True,True,Aston Martin
STR,18,7.0,127.871,31.031,36.415,60.425,193.0,216.0,,197.0,1.0,MEDIUM,7.0,True,,1603.147,,False,False,Aston Martin
LIN,41,1.0,,,33.039,47.814,233.0,241.0,278.0,262.0,1.0,MEDIUM,1.0,True,818.297,,,False,False,Racing Bulls
LIN,41,2.0,95.374,25.11,29.054,41.21,286.0,284.0,263.0,319.0,1.0,MEDIUM,2.0,True,,,,True,True,Racing Bulls
LIN,41,3.0,113.562,29.228,34.311,50.023,222.0,250.0,280.0,220.0,1.0,MEDIUM,3.0,True,,,,False,True,Racing Bulls
LIN,41,4.0,95.021,25.092,28.814,41.115,288.0,282.0,263.0,321.0,1.0,MEDIUM,4.0,True,,,,True,True,Racing Bulls
LIN,41,5.0,131.932,31.786,36.426,63.72,241.0,172.0,277.0,143.0,1.0,MEDIUM,5.0,True,,,,False,True,Racing Bulls
LIN,41,6.0,94.495,24.969,28.654,40.872,286.0,279.0,262.0,319.0,1.0,MEDIUM,6.0,True,,,,True,True,Racing Bulls
LIN,41,7.0,116.258,29.87,32.747,53.641,238.0,260.0,,258.0,1.0,MEDIUM,7.0,True,,1583.704,,False,False,Racing Bulls
LIN,41,8.0,,,31.937,47.007,232.0,242.0,278.0,254.0,2.0,MEDIUM,1.0,True,1979.962,,,False,False,Racing Bulls
LIN,41,9.0,94.048,24.74,28.531,40.777,290.0,281.0,271.0,319.0,2.0,MEDIUM,2.0,True,,,,True,True,Racing Bulls
LIN,41,10.0,120.827,31.533,35.92,53.374,207.0,243.0,239.0,223.0,2.0,MEDIUM,3.0,True,,,,False,True,Racing Bulls
LIN,41,11.0,113.077,28.78,32.23,52.067,246.0,241.0,279.0,262.0,2.0,MEDIUM,4.0,True,,,,False,True,Racing Bulls
LIN,41,12.0,94.374,24.816,28.508,41.05,291.0,278.0,274.0,311.0,2.0,MEDIUM,5.0,True,,,,False,True,Racing Bulls
LIN,41,13.0,120.089,30.496,34.661,54.932,225.0,236.0,,238.0,2.0,MEDIUM,6.0,True,,2631.086,,False,False,Racing Bulls
