LapNumber,Sector,RUS_sec,LEC_sec,Delta_RUS_LEC_sec,IsCleanBoth
1,S1,,,,False
2,S1,29.753,30.116,-0.363,True
3,S1,29.845,30.141,-0.296,True
4,S1,29.949,29.99,-0.041,True
5,S1,29.636,29.542,0.094,True
6,S1,29.498,29.775,-0.277,True
7,S1,29.617,29.693,-0.076,True
8,S1,29.435,30.478,-1.043,True
9,S1,31.313,30.791,0.522,True
10,S1,29.655,29.824,-0.169,True
11,S1,29.442,29.585,-0.143,True
12,S1,40.129,40.041,0.088,False
13,S1,42.643,41.178,1.465,False
14,S1,32.616,35.983,-3.367,False
15,S1,29.08,29.539,-0.459,False
16,S1,29.106,29.393,-0.287,True
17,S1,29.085,29.858,-0.773,True
18,S1,29.523,29.353,0.17,False
19,S1,39.873,38.364,1.509,False
20,S1,37.085,38.397,-1.312,False
21,S1,28.979,29.324,-0.345,False
22,S1,29.065,29.349,-0.284,True
23,S1,28.915,29.5,-0.585,True
24,S1,29.631,29.602,0.029,True
25,S1,28.936,29.658,-0.722,False
26,S1,29.058,35.37,-6.312,False
27,S1,29.123,29.434,-0.311,True
28,S1,28.857,29.241,-0.384,True
29,S1,29.066,29.127,-0.061,True
30,S1,29.204,29.173,0.031,True
31,S1,29.132,29.138,-0.006,True
32,S1,29.174,29.221,-0.047,True
33,S1,29.242,29.301,-0.059,True
34,S1,29.314,32.568,-3.254,False
35,S1,29.314,29.632,-0.318,False
36,S1,29.079,29.478,-0.399,True
37,S1,29.197,29.421,-0.224,True
38,S1,29.211,28.995,0.216,True
39,S1,29.102,29.142,-0.04,True
40,S1,29.172,29.199,-0.027,True
41,S1,29.173,29.102,0.071,True
42,S1,29.325,29.167,0.158,True
43,S1,29.111,29.142,-0.031,True
44,S1,29.17,29.326,-0.156,True
45,S1,29.305,29.378,-0.073,True
46,S1,29.348,29.254,0.094,True
47,S1,29.286,29.106,0.18,True
48,S1,29.18,29.299,-0.119,True
49,S1,29.104,29.374,-0.27,True
50,S1,29.182,29.246,-0.064,True
51,S1,29.204,29.359,-0.155,True
52,S1,29.323,29.441,-0.118,True
53,S1,29.144,29.254,-0.11,True
54,S1,29.272,29.077,0.195,True
55,S1,29.116,29.147,-0.031,True
56,S1,29.134,29.161,-0.027,True
57,S1,29.225,29.245,-0.02,True
58,S1,29.312,29.364,-0.052,True
1,S2,18.344,18.663,-0.319,False
2,S2,17.841,18.18,-0.339,True
3,S2,18.533,17.876,0.657,True
4,S2,17.802,18.045,-0.243,True
5,S2,17.848,18.008,-0.16,True
6,S2,17.709,18.075,-0.366,True
7,S2,18.059,18.01,0.049,True
8,S2,18.391,18.017,0.374,True
9,S2,18.163,18.247,-0.084,True
10,S2,18.171,17.963,0.208,True
11,S2,18.107,18.082,0.025,True
12,S2,29.038,28.446,0.592,False
13,S2,28.724,27.3,1.424,False
14,S2,18.054,18.192,-0.138,False
15,S2,17.746,17.9,-0.154,False
16,S2,17.699,17.898,-0.199,True
17,S2,17.75,18.083,-0.333,True
18,S2,17.783,18.021,-0.238,False
19,S2,26.221,24.534,1.687,False
20,S2,17.866,18.486,-0.62,False
21,S2,17.717,17.876,-0.159,False
22,S2,17.777,17.762,0.015,True
23,S2,17.696,17.655,0.041,True
24,S2,17.798,17.848,-0.05,True
25,S2,17.717,17.796,-0.079,False
26,S2,17.797,17.951,-0.154,False
27,S2,17.719,17.824,-0.105,True
28,S2,17.643,17.821,-0.178,True
29,S2,18.031,17.756,0.275,True
30,S2,17.788,17.763,0.025,True
31,S2,17.699,17.745,-0.046,True
32,S2,17.728,17.788,-0.06,True
33,S2,17.777,17.756,0.021,True
34,S2,25.319,28.471,-3.152,False
35,S2,17.824,17.831,-0.007,False
36,S2,17.753,17.907,-0.154,True
37,S2,17.745,17.866,-0.121,True
38,S2,17.79,17.699,0.091,True
39,S2,17.664,17.617,0.047,True
40,S2,17.651,17.741,-0.09,True
41,S2,17.609,17.73,-0.121,True
42,S2,17.652,17.705,-0.053,True
43,S2,17.575,17.651,-0.076,True
44,S2,17.585,17.643,-0.058,True
45,S2,17.512,17.651,-0.139,True
46,S2,18.049,17.685,0.364,True
47,S2,17.617,17.719,-0.102,True
48,S2,17.596,17.678,-0.082,True
49,S2,17.537,17.664,-0.127,True
50,S2,17.631,17.742,-0.111,True
51,S2,17.493,17.602,-0.109,True
52,S2,17.606,17.598,0.008,True
53,S2,17.461,17.635,-0.174,True
54,S2,17.56,17.673,-0.113,True
55,S2,17.549,17.624,-0.075,True
56,S2,17.535,17.681,-0.146,True
57,S2,17.458,17.621,-0.163,True
58,S2,17.63,17.704,-0.074,True
1,S3,36.548,36.681,-0.133,False
2,S3,37.413,37.916,-0.503,True
3,S3,38.066,37.436,0.63,True
4,S3,37.038,36.518,0.52,True
5,S3,36.533,36.431,0.102,True
6,S3,37.432,36.972,0.46,True
7,S3,36.423,36.331,0.092,True
8,S3,37.364,37.068,0.296,True
9,S3,36.502,36.564,-0.062,True
10,S3,36.286,36.19,0.096,True
11,S3,36.418,36.131,0.287,True
12,S3,56.773,45.521,11.252,False
13,S3,46.292,46.7,-0.408,False
14,S3,36.424,36.314,0.11,False
15,S3,35.999,36.326,-0.327,False
16,S3,36.118,36.22,-0.102,True
17,S3,35.93,36.415,-0.485,True
18,S3,41.673,42.228,-0.555,False
19,S3,49.163,50.755,-1.592,False
20,S3,35.985,36.3,-0.315,False
21,S3,35.974,36.122,-0.148,False
22,S3,36.05,36.305,-0.255,True
23,S3,36.217,36.321,-0.104,True
24,S3,36.037,36.21,-0.173,True
25,S3,36.226,50.38,-14.154,False
26,S3,36.238,35.996,0.242,False
27,S3,36.346,35.848,0.498,True
28,S3,36.89,36.027,0.863,True
29,S3,36.389,36.104,0.285,True
30,S3,36.28,36.09,0.19,True
31,S3,36.316,36.051,0.265,True
32,S3,36.638,35.938,0.7,True
33,S3,36.819,36.117,0.702,True
34,S3,42.959,37.477,5.482,False
35,S3,35.879,36.079,-0.2,False
36,S3,35.897,36.991,-1.094,True
37,S3,35.897,35.949,-0.052,True
38,S3,35.862,35.885,-0.023,True
39,S3,35.972,35.969,0.003,True
40,S3,36.092,35.99,0.102,True
41,S3,36.291,36.163,0.128,True
42,S3,36.077,35.974,0.103,True
43,S3,36.207,35.957,0.25,True
44,S3,36.101,36.125,-0.024,True
45,S3,36.66,36.131,0.529,True
46,S3,36.354,35.955,0.399,True
47,S3,36.13,36.127,0.003,True
48,S3,36.258,35.922,0.336,True
49,S3,36.203,36.326,-0.123,True
50,S3,36.274,36.212,0.062,True
51,S3,36.065,36.028,0.037,True
52,S3,36.177,36.01,0.167,True
53,S3,36.464,36.125,0.339,True
54,S3,36.268,36.295,-0.027,True
55,S3,36.005,36.054,-0.049,True
56,S3,36.088,36.123,-0.035,True
57,S3,36.505,36.232,0.273,True
58,S3,36.409,36.249,0.16,True
