Lap,Category,Message,Flag,Scope,Sector,RacingNumber
0,Other,PINK HEAD PADDING MATERIAL MUST BE USED,,,,
1,Flag,GREEN LIGHT - PIT EXIT OPEN,GREEN,Track,,
1,Flag,DOUBLE YELLOW IN TRACK SECTOR 6,DOUBLE YELLOW,Sector,6.0,
1,Flag,CLEAR IN TRACK SECTOR 6,CLEAR,Sector,6.0,
1,Flag,YELLOW IN TRACK SECTOR 7,YELLOW,Sector,7.0,
1,Flag,DOUBLE YELLOW IN TRACK SECTOR 6,DOUBLE YELLOW,Sector,6.0,
1,Flag,DOUBLE YELLOW IN TRACK SECTOR 7,DOUBLE YELLOW,Sector,7.0,
1,Other,MEDICAL CAR DEPLOYED,,,,
1,Flag,YELLOW IN TRACK SECTOR 20,YELLOW,Sector,20.0,
1,Other,PIT EXIT CLOSED,,,,
1,Flag,DOUBLE YELLOW IN TRACK SECTOR 20,DOUBLE YELLOW,Sector,20.0,
1,Flag,CLEAR IN TRACK SECTOR 20,CLEAR,Sector,20.0,
1,Flag,CLEAR IN TRACK SECTOR 20,CLEAR,Sector,20.0,
1,Other,INCIDENT INVOLVING CAR 27 (HUL) NOTED - STARTING PROCEDURE INFRINGEMENT,,,,
1,Flag,CLEAR IN TRACK SECTOR 7,CLEAR,Sector,7.0,
1,Flag,CLEAR IN TRACK SECTOR 6,CLEAR,Sector,6.0,
1,Other,FIA STEWARDS: INCIDENT INVOLVING CAR 27 (HUL) UNDER INVESTIGATION - STARTING PROCEDURE INFRINGEMENT,,,,
1,Flag,DOUBLE YELLOW IN TRACK SECTOR 15,DOUBLE YELLOW,Sector,15.0,
1,Flag,CLEAR IN TRACK SECTOR 15,CLEAR,Sector,15.0,
1,Other,RISK OF RAIN FOR THE F1 RACE IS 0%,,,,
1,Other,FIA STEWARDS: INCIDENT INVOLVING CAR 27 (HUL) NO FURTHER ACTION - STARTING PROCEDURE INFRINGEMENT,,,,
1,Other,OVERTAKE DISABLED,,,,
1,Other,INCIDENT INVOLVING CAR 43 (COL) NOTED - STARTING PROCEDURE INFRINGEMENT,,,,
1,Flag,GREEN LIGHT - PIT EXIT OPEN,GREEN,Track,,
1,Other,FIA STEWARDS: INCIDENT INVOLVING CAR 43 (COL) UNDER INVESTIGATION - STARTING PROCEDURE INFRINGEMENT,,,,
1,Other,OVERTAKE ENABLED,,,,
6,Other,CAR 10 (GAS) TIME 1:27.040 DELETED - TRACK LIMITS AT TURN 10 LAP 5 15:10:17,,,,
7,Other,CAR 5 (BOR) TIME 1:27.463 DELETED - TRACK LIMITS AT TURN 3 LAP 6 15:11:11,,,,
8,Other,FIA STEWARDS: STOP-AND-GO PENALTY FOR CAR 43 (COL) - STARTING PROCEDURE INFRINGEMENT,,,,
9,Other,TURN 11 INCIDENT INVOLVING CAR 16 (LEC) NOTED,,,,
10,Other,FIA STEWARDS: TURN 11 INCIDENT INVOLVING CAR 16 (LEC) REVIEWED NO FURTHER INVESTIGATION,,,,
12,SafetyCar,VSC DEPLOYED,,,,
12,Flag,YELLOW IN TRACK SECTOR 13,YELLOW,Sector,13.0,
12,Flag,DOUBLE YELLOW IN TRACK SECTOR 13,DOUBLE YELLOW,Sector,13.0,
12,Other,MARSHALS ON TRACK AT TURN 9,,,,
13,Other,FIA STEWARDS: PENALTY SERVED - STOP-AND-GO PENALTY FOR CAR 43 (COL) - STARTING PROCEDURE INFRINGEMENT,,,,
14,Flag,CLEAR IN TRACK SECTOR 13,CLEAR,Sector,13.0,
14,SafetyCar,VSC ENDING,,,,
14,Flag,TRACK CLEAR,CLEAR,Track,,
14,Flag,WAVED BLUE FLAG FOR CAR 77 (BOT) TIMED AT 15:23:22,BLUE,Driver,,77
14,Flag,WAVED BLUE FLAG FOR CAR 77 (BOT) TIMED AT 15:23:30,BLUE,Driver,,77
14,Flag,WAVED BLUE FLAG FOR CAR 77 (BOT) TIMED AT 15:23:35,BLUE,Driver,,77
14,Flag,WAVED BLUE FLAG FOR CAR 77 (BOT) TIMED AT 15:24:20,BLUE,Driver,,77
15,Flag,WAVED BLUE FLAG FOR CAR 77 (BOT) TIMED AT 15:25:06,BLUE,Driver,,77
15,Flag,WAVED BLUE FLAG FOR CAR 77 (BOT) TIMED AT 15:25:26,BLUE,Driver,,77
16,Flag,WAVED BLUE FLAG FOR CAR 77 (BOT) TIMED AT 15:26:27,BLUE,Driver,,77
16,Flag,WAVED BLUE FLAG FOR CAR 77 (BOT) TIMED AT 15:26:41,BLUE,Driver,,77
18,Other,CAR 23 (ALB) TIME 1:28.434 DELETED - TRACK LIMITS AT TURN 3 LAP 16 15:26:48,,,,
18,Flag,YELLOW IN TRACK SECTOR 20,YELLOW,Sector,20.0,
18,Flag,WAVED BLUE FLAG FOR CAR 18 (STR) TIMED AT 15:29:51,BLUE,Driver,,18
18,SafetyCar,VSC DEPLOYED,,,,
19,Other,PIT LANE ENTRY CLOSED,,,,
19,Flag,CLEAR IN TRACK SECTOR 20,CLEAR,Sector,20.0,
20,Other,MARSHALS ON TRACK AT PIT ENTRY,,,,
20,Other,PIT LANE ENTRY OPEN,,,,
20,SafetyCar,VSC ENDING,,,,
20,Flag,TRACK CLEAR,CLEAR,Track,,
20,Flag,WAVED BLUE FLAG FOR CAR 18 (STR) TIMED AT 15:32:43,BLUE,Driver,,18
20,Flag,WAVED BLUE FLAG FOR CAR 18 (STR) TIMED AT 15:32:55,BLUE,Driver,,18
21,Other,TURN 11 INCIDENT INVOLVING CARS 11 (PER) AND 30 (LAW) NOTED - FORCING ANOTHER DRIVER OFF THE TRACK,,,,
21,Flag,WAVED BLUE FLAG FOR CAR 18 (STR) TIMED AT 15:34:33,BLUE,Driver,,18
22,Other,CAR 30 (LAW) TIME 1:29.919 DELETED - TRACK LIMITS AT TURN 3 LAP 16 15:26:58,,,,
22,Flag,WAVED BLUE FLAG FOR CAR 11 (PER) TIMED AT 15:36:03,BLUE,Driver,,11
22,Flag,WAVED BLUE FLAG FOR CAR 18 (STR) TIMED AT 15:36:20,BLUE,Driver,,18
23,Flag,WAVED BLUE FLAG FOR CAR 11 (PER) TIMED AT 15:36:26,BLUE,Driver,,11
23,Other,TURN 3 INCIDENT INVOLVING CARS 31 (OCO) AND 10 (GAS) NOTED,,,,
23,Other,FIA STEWARDS: TURN 11 INCIDENT INVOLVING CARS 11 (PER) AND 30 (LAW) UNDER INVESTIGATION - FORCING ANOTHER DRIVER OFF THE TRACK,,,,
23,Flag,WAVED BLUE FLAG FOR CAR 11 (PER) TIMED AT 15:37:36,BLUE,Driver,,11
24,Other,FIA STEWARDS: TURN 3 INCIDENT INVOLVING CARS 31 (OCO) AND 10 (GAS) UNDER INVESTIGATION,,,,
25,Flag,WAVED BLUE FLAG FOR CAR 11 (PER) TIMED AT 15:39:46,BLUE,Driver,,11
25,Other,INCIDENT INVOLVING CAR 31 (OCO) NOTED - DRIVING UNNECESSARILY SLOWLY,,,,
26,Other,FIA STEWARDS: TURN 11 INCIDENT INVOLVING CARS 11 (PER) AND 30 (LAW) NO FURTHER ACTION - FORCING ANOTHER DRIVER OFF THE TRACK,,,,
26,Flag,WAVED BLUE FLAG FOR CAR 18 (STR) TIMED AT 15:41:46,BLUE,Driver,,18
27,Flag,WAVED BLUE FLAG FOR CAR 11 (PER) TIMED AT 15:42:24,BLUE,Driver,,11
27,Flag,WAVED BLUE FLAG FOR CAR 18 (STR) TIMED AT 15:42:46,BLUE,Driver,,18
27,Other,INCIDENT INVOLVING CAR 11 (PER) NOTED - IGNORING BLUE FLAGS,,,,
28,Flag,WAVED BLUE FLAG FOR CAR 11 (PER) TIMED AT 15:43:59,BLUE,Driver,,11
28,Flag,WAVED BLUE FLAG FOR CAR 18 (STR) TIMED AT 15:44:39,BLUE,Driver,,18
29,Flag,WAVED BLUE FLAG FOR CAR 11 (PER) TIMED AT 15:45:10,BLUE,Driver,,11
29,Flag,WAVED BLUE FLAG FOR CAR 43 (COL) TIMED AT 15:45:59,BLUE,Driver,,43
29,Flag,WAVED BLUE FLAG FOR CAR 43 (COL) TIMED AT 15:46:03,BLUE,Driver,,43
30,Flag,WAVED BLUE FLAG FOR CAR 11 (PER) TIMED AT 15:46:11,BLUE,Driver,,11
30,Other,FIA STEWARDS: INCIDENT INVOLVING CAR 31 (OCO) WILL BE INVESTIGATED AFTER THE RACE - DRIVING UNNECESSARILY SLOWLY,,,,
31,Flag,WAVED BLUE FLAG FOR CAR 14 (ALO) TIMED AT 15:48:24,BLUE,Driver,,14
31,Flag,WAVED BLUE FLAG FOR CAR 43 (COL) TIMED AT 15:48:52,BLUE,Driver,,43
32,Flag,WAVED BLUE FLAG FOR CAR 18 (STR) TIMED AT 15:49:31,BLUE,Driver,,18
33,Flag,WAVED BLUE FLAG FOR CAR 14 (ALO) TIMED AT 15:50:29,BLUE,Driver,,14
33,Flag,WAVED BLUE FLAG FOR CAR 11 (PER) TIMED AT 15:50:29,BLUE,Driver,,11
33,Flag,WAVED BLUE FLAG FOR CAR 11 (PER) TIMED AT 15:50:39,BLUE,Driver,,11
33,Other,FIA STEWARDS: TURN 3 INCIDENT INVOLVING CARS 31 (OCO) AND 10 (GAS) NO FURTHER ACTION,,,,
33,Flag,WAVED BLUE FLAG FOR CAR 11 (PER) TIMED AT 15:51:22,BLUE,Driver,,11
33,Other,TRACK SURFACE SLIPPERY IN TRACK SECTOR 13,,,,
33,Flag,WAVED BLUE FLAG FOR CAR 11 (PER) TIMED AT 15:51:34,BLUE,Driver,,11
34,Flag,WAVED BLUE FLAG FOR CAR 18 (STR) TIMED AT 15:51:47,BLUE,Driver,,18
34,SafetyCar,VSC DEPLOYED,,,,
34,Flag,CLEAR IN TRACK SECTOR 13,CLEAR,Sector,13.0,
34,Flag,DOUBLE YELLOW IN TRACK SECTOR 13,DOUBLE YELLOW,Sector,13.0,
34,Other,MARSHALS ON TRACK AT TURN 8,,,,
34,Flag,DOUBLE YELLOW IN TRACK SECTOR 12,DOUBLE YELLOW,Sector,12.0,
34,Flag,CLEAR IN TRACK SECTOR 13,CLEAR,Sector,13.0,
34,Flag,CLEAR IN TRACK SECTOR 12,CLEAR,Sector,12.0,
34,SafetyCar,VSC ENDING,,,,
34,Flag,TRACK CLEAR,CLEAR,Track,,
34,Flag,WAVED BLUE FLAG FOR CAR 14 (ALO) TIMED AT 15:53:11,BLUE,Driver,,14
35,Flag,WAVED BLUE FLAG FOR CAR 43 (COL) TIMED AT 15:53:24,BLUE,Driver,,43
35,Other,FIA STEWARDS: INCIDENT INVOLVING CAR 11 (PER) REVIEWED NO FURTHER INVESTIGATION - IGNORING BLUE FLAGS,,,,
35,Flag,WAVED BLUE FLAG FOR CAR 23 (ALB) TIMED AT 15:53:36,BLUE,Driver,,23
35,Flag,WAVED BLUE FLAG FOR CAR 55 (SAI) TIMED AT 15:54:34,BLUE,Driver,,55
36,Flag,WAVED BLUE FLAG FOR CAR 18 (STR) TIMED AT 15:55:17,BLUE,Driver,,18
36,Flag,WAVED BLUE FLAG FOR CAR 30 (LAW) TIMED AT 15:55:32,BLUE,Driver,,30
37,Flag,WAVED BLUE FLAG FOR CAR 11 (PER) TIMED AT 15:56:10,BLUE,Driver,,11
37,Flag,WAVED BLUE FLAG FOR CAR 11 (PER) TIMED AT 15:56:26,BLUE,Driver,,11
37,Flag,WAVED BLUE FLAG FOR CAR 30 (LAW) TIMED AT 15:56:33,BLUE,Driver,,30
37,Flag,WAVED BLUE FLAG FOR CAR 43 (COL) TIMED AT 15:57:08,BLUE,Driver,,43
38,Flag,WAVED BLUE FLAG FOR CAR 11 (PER) TIMED AT 15:57:39,BLUE,Driver,,11
39,Flag,WAVED BLUE FLAG FOR CAR 23 (ALB) TIMED AT 16:00:04,BLUE,Driver,,23
40,Flag,WAVED BLUE FLAG FOR CAR 55 (SAI) TIMED AT 16:01:23,BLUE,Driver,,55
41,Flag,WAVED BLUE FLAG FOR CAR 55 (SAI) TIMED AT 16:01:42,BLUE,Driver,,55
41,Flag,WAVED BLUE FLAG FOR CAR 43 (COL) TIMED AT 16:01:57,BLUE,Driver,,43
41,Flag,WAVED BLUE FLAG FOR CAR 23 (ALB) TIMED AT 16:02:46,BLUE,Driver,,23
42,Flag,WAVED BLUE FLAG FOR CAR 11 (PER) TIMED AT 16:03:10,BLUE,Driver,,11
43,Flag,WAVED BLUE FLAG FOR CAR 11 (PER) TIMED AT 16:04:39,BLUE,Driver,,11
45,Flag,WAVED BLUE FLAG FOR CAR 11 (PER) TIMED AT 16:07:12,BLUE,Driver,,11
45,Flag,WAVED BLUE FLAG FOR CAR 31 (OCO) TIMED AT 16:07:53,BLUE,Driver,,31
45,Flag,WAVED BLUE FLAG FOR CAR 31 (OCO) TIMED AT 16:08:06,BLUE,Driver,,31
45,Flag,WAVED BLUE FLAG FOR CAR 11 (PER) TIMED AT 16:08:21,BLUE,Driver,,11
46,Flag,WAVED BLUE FLAG FOR CAR 10 (GAS) TIMED AT 16:08:37,BLUE,Driver,,10
46,Flag,WAVED BLUE FLAG FOR CAR 10 (GAS) TIMED AT 16:08:53,BLUE,Driver,,10
47,Flag,WAVED BLUE FLAG FOR CAR 55 (SAI) TIMED AT 16:10:34,BLUE,Driver,,55
47,Flag,WAVED BLUE FLAG FOR CAR 43 (COL) TIMED AT 16:11:10,BLUE,Driver,,43
47,Flag,WAVED BLUE FLAG FOR CAR 31 (OCO) TIMED AT 16:11:12,BLUE,Driver,,31
48,Flag,WAVED BLUE FLAG FOR CAR 55 (SAI) TIMED AT 16:11:24,BLUE,Driver,,55
48,Flag,WAVED BLUE FLAG FOR CAR 10 (GAS) TIMED AT 16:11:41,BLUE,Driver,,10
48,Flag,WAVED BLUE FLAG FOR CAR 43 (COL) TIMED AT 16:12:39,BLUE,Driver,,43
49,Flag,WAVED BLUE FLAG FOR CAR 11 (PER) TIMED AT 16:13:10,BLUE,Driver,,11
50,Flag,WAVED BLUE FLAG FOR CAR 55 (SAI) TIMED AT 16:14:14,BLUE,Driver,,55
50,Flag,WAVED BLUE FLAG FOR CAR 43 (COL) TIMED AT 16:14:48,BLUE,Driver,,43
50,Flag,WAVED BLUE FLAG FOR CAR 43 (COL) TIMED AT 16:15:16,BLUE,Driver,,43
51,Flag,WAVED BLUE FLAG FOR CAR 31 (OCO) TIMED AT 16:16:16,BLUE,Driver,,31
51,Flag,WAVED BLUE FLAG FOR CAR 31 (OCO) TIMED AT 16:16:31,BLUE,Driver,,31
52,Flag,WAVED BLUE FLAG FOR CAR 5 (BOR) TIMED AT 16:16:54,BLUE,Driver,,5
52,Flag,WAVED BLUE FLAG FOR CAR 31 (OCO) TIMED AT 16:17:14,BLUE,Driver,,31
52,Flag,WAVED BLUE FLAG FOR CAR 10 (GAS) TIMED AT 16:17:15,BLUE,Driver,,10
53,Flag,WAVED BLUE FLAG FOR CAR 10 (GAS) TIMED AT 16:18:19,BLUE,Driver,,10
53,Flag,WAVED BLUE FLAG FOR CAR 10 (GAS) TIMED AT 16:18:25,BLUE,Driver,,10
53,Flag,WAVED BLUE FLAG FOR CAR 43 (COL) TIMED AT 16:19:24,BLUE,Driver,,43
53,Flag,WAVED BLUE FLAG FOR CAR 43 (COL) TIMED AT 16:19:30,BLUE,Driver,,43
54,Flag,WAVED BLUE FLAG FOR CAR 41 (LIN) TIMED AT 16:19:57,BLUE,Driver,,41
54,Flag,WAVED BLUE FLAG FOR CAR 5 (BOR) TIMED AT 16:20:18,BLUE,Driver,,5
55,Flag,WAVED BLUE FLAG FOR CAR 43 (COL) TIMED AT 16:21:07,BLUE,Driver,,43
55,Flag,WAVED BLUE FLAG FOR CAR 43 (COL) TIMED AT 16:21:16,BLUE,Driver,,43
55,Flag,WAVED BLUE FLAG FOR CAR 41 (LIN) TIMED AT 16:21:21,BLUE,Driver,,41
55,Flag,WAVED BLUE FLAG FOR CAR 43 (COL) TIMED AT 16:21:49,BLUE,Driver,,43
56,Other,CAR 55 (SAI) TIME 1:27.961 DELETED - TRACK LIMITS AT TURN 3 LAP 53 16:21:48,,,,
57,Flag,WAVED BLUE FLAG FOR CAR 87 (BEA) TIMED AT 16:24:29,BLUE,Driver,,87
57,Flag,WAVED BLUE FLAG FOR CAR 30 (LAW) TIMED AT 16:24:47,BLUE,Driver,,30
57,Flag,WAVED BLUE FLAG FOR CAR 11 (PER) TIMED AT 16:24:53,BLUE,Driver,,11
58,Flag,WAVED BLUE FLAG FOR CAR 23 (ALB) TIMED AT 16:25:22,BLUE,Driver,,23
58,Flag,WAVED BLUE FLAG FOR CAR 11 (PER) TIMED AT 16:25:22,BLUE,Driver,,11
58,Flag,WAVED BLUE FLAG FOR CAR 30 (LAW) TIMED AT 16:25:50,BLUE,Driver,,30
58,Flag,WAVED BLUE FLAG FOR CAR 87 (BEA) TIMED AT 16:26:04,BLUE,Driver,,87
58,Flag,WAVED BLUE FLAG FOR CAR 23 (ALB) TIMED AT 16:26:06,BLUE,Driver,,23
58,Flag,WAVED BLUE FLAG FOR CAR 11 (PER) TIMED AT 16:26:18,BLUE,Driver,,11
58,Flag,CHEQUERED FLAG,CHEQUERED,Track,,
58,Other,ALL PASS HOLDERS MAY ACCESS THE PIT LANE,,,,
58,Flag,DOUBLE YELLOW IN TRACK SECTOR 19,DOUBLE YELLOW,Sector,19.0,
58,Flag,CLEAR IN TRACK SECTOR 19,CLEAR,Sector,19.0,
