LapNumber,Sector,ANT_sec,LEC_sec,Delta_ANT_LEC_sec,IsCleanBoth
1,S1,,,,False
2,S1,30.82,30.116,0.704,True
3,S1,30.586,30.141,0.445,True
4,S1,29.869,29.99,-0.121,True
5,S1,29.761,29.542,0.219,True
6,S1,29.534,29.775,-0.241,True
7,S1,29.537,29.693,-0.156,True
8,S1,29.573,30.478,-0.905,True
9,S1,29.601,30.791,-1.19,True
10,S1,29.723,29.824,-0.101,True
11,S1,29.711,29.585,0.126,True
12,S1,40.974,40.041,0.933,False
13,S1,43.264,41.178,2.086,False
14,S1,32.153,35.983,-3.83,False
15,S1,29.346,29.539,-0.193,False
16,S1,29.345,29.393,-0.048,True
17,S1,29.46,29.858,-0.398,True
18,S1,29.138,29.353,-0.215,False
19,S1,40.684,38.364,2.32,False
20,S1,34.654,38.397,-3.743,False
21,S1,28.955,29.324,-0.369,False
22,S1,28.856,29.349,-0.493,True
23,S1,28.958,29.5,-0.542,True
24,S1,29.329,29.602,-0.273,True
25,S1,29.326,29.658,-0.332,False
26,S1,29.311,35.37,-6.059,False
27,S1,29.187,29.434,-0.247,True
28,S1,29.174,29.241,-0.067,True
29,S1,29.145,29.127,0.018,True
30,S1,29.144,29.173,-0.029,True
31,S1,29.175,29.138,0.037,True
32,S1,29.509,29.221,0.288,True
33,S1,29.36,29.301,0.059,True
34,S1,29.416,32.568,-3.152,False
35,S1,29.604,29.632,-0.028,False
36,S1,29.264,29.478,-0.214,True
37,S1,29.271,29.421,-0.15,True
38,S1,29.155,28.995,0.16,True
39,S1,29.196,29.142,0.054,True
40,S1,29.1,29.199,-0.099,True
41,S1,29.162,29.102,0.06,True
42,S1,29.075,29.167,-0.092,True
43,S1,29.244,29.142,0.102,True
44,S1,29.252,29.326,-0.074,True
45,S1,29.311,29.378,-0.067,True
46,S1,29.35,29.254,0.096,True
47,S1,29.276,29.106,0.17,True
48,S1,29.415,29.299,0.116,True
49,S1,29.403,29.374,0.029,True
50,S1,29.148,29.246,-0.098,True
51,S1,29.108,29.359,-0.251,True
52,S1,28.925,29.441,-0.516,True
53,S1,29.088,29.254,-0.166,True
54,S1,29.051,29.077,-0.026,True
55,S1,29.332,29.147,0.185,True
56,S1,29.022,29.161,-0.139,True
57,S1,28.926,29.245,-0.319,True
58,S1,29.285,29.364,-0.079,True
1,S2,18.757,18.663,0.094,False
2,S2,18.035,18.18,-0.145,True
3,S2,18.042,17.876,0.166,True
4,S2,17.795,18.045,-0.25,True
5,S2,18.073,18.008,0.065,True
6,S2,17.861,18.075,-0.214,True
7,S2,18.052,18.01,0.042,True
8,S2,17.945,18.017,-0.072,True
9,S2,17.91,18.247,-0.337,True
10,S2,17.879,17.963,-0.084,True
11,S2,17.822,18.082,-0.26,True
12,S2,29.373,28.446,0.927,False
13,S2,28.321,27.3,1.021,False
14,S2,18.212,18.192,0.02,False
15,S2,17.73,17.9,-0.17,False
16,S2,17.992,17.898,0.094,True
17,S2,17.93,18.083,-0.153,True
18,S2,17.897,18.021,-0.124,False
19,S2,24.847,24.534,0.313,False
20,S2,17.884,18.486,-0.602,False
21,S2,17.927,17.876,0.051,False
22,S2,17.864,17.762,0.102,True
23,S2,17.767,17.655,0.112,True
24,S2,17.828,17.848,-0.02,True
25,S2,17.855,17.796,0.059,False
26,S2,17.911,17.951,-0.04,False
27,S2,17.915,17.824,0.091,True
28,S2,17.872,17.821,0.051,True
29,S2,17.888,17.756,0.132,True
30,S2,17.803,17.763,0.04,True
31,S2,17.772,17.745,0.027,True
32,S2,17.78,17.788,-0.008,True
33,S2,17.772,17.756,0.016,True
34,S2,29.491,28.471,1.02,False
35,S2,17.871,17.831,0.04,False
36,S2,17.788,17.907,-0.119,True
37,S2,17.847,17.866,-0.019,True
38,S2,17.873,17.699,0.174,True
39,S2,17.847,17.617,0.23,True
40,S2,17.868,17.741,0.127,True
41,S2,17.803,17.73,0.073,True
42,S2,17.803,17.705,0.098,True
43,S2,17.82,17.651,0.169,True
44,S2,17.743,17.643,0.1,True
45,S2,17.763,17.651,0.112,True
46,S2,17.698,17.685,0.013,True
47,S2,17.687,17.719,-0.032,True
48,S2,17.461,17.678,-0.217,True
49,S2,17.728,17.664,0.064,True
50,S2,17.703,17.742,-0.039,True
51,S2,17.706,17.602,0.104,True
52,S2,17.654,17.598,0.056,True
53,S2,17.651,17.635,0.016,True
54,S2,17.58,17.673,-0.093,True
55,S2,17.668,17.624,0.044,True
56,S2,17.718,17.681,0.037,True
57,S2,17.66,17.621,0.039,True
58,S2,17.53,17.704,-0.174,True
1,S3,38.331,36.681,1.65,False
2,S3,38.274,37.916,0.358,True
3,S3,36.835,37.436,-0.601,True
4,S3,37.747,36.518,1.229,True
5,S3,36.665,36.431,0.234,True
6,S3,36.629,36.972,-0.343,True
7,S3,36.246,36.331,-0.085,True
8,S3,36.165,37.068,-0.903,True
9,S3,36.397,36.564,-0.167,True
10,S3,36.435,36.19,0.245,True
11,S3,36.357,36.131,0.226,True
12,S3,59.335,45.521,13.814,False
13,S3,46.106,46.7,-0.594,False
14,S3,36.314,36.314,0.0,False
15,S3,36.211,36.326,-0.115,False
16,S3,36.281,36.22,0.061,True
17,S3,35.87,36.415,-0.545,True
18,S3,43.947,42.228,1.719,False
19,S3,49.803,50.755,-0.952,False
20,S3,35.941,36.3,-0.359,False
21,S3,35.899,36.122,-0.223,False
22,S3,36.142,36.305,-0.163,True
23,S3,35.857,36.321,-0.464,True
24,S3,36.065,36.21,-0.145,True
25,S3,37.364,50.38,-13.016,False
26,S3,35.916,35.996,-0.08,False
27,S3,36.001,35.848,0.153,True
28,S3,35.984,36.027,-0.043,True
29,S3,35.935,36.104,-0.169,True
30,S3,35.942,36.09,-0.148,True
31,S3,35.933,36.051,-0.118,True
32,S3,35.95,35.938,0.012,True
33,S3,35.885,36.117,-0.232,True
34,S3,39.48,37.477,2.003,False
35,S3,35.817,36.079,-0.262,False
36,S3,35.813,36.991,-1.178,True
37,S3,35.848,35.949,-0.101,True
38,S3,35.961,35.885,0.076,True
39,S3,35.878,35.969,-0.091,True
40,S3,35.704,35.99,-0.286,True
41,S3,35.963,36.163,-0.2,True
42,S3,36.064,35.974,0.09,True
43,S3,35.951,35.957,-0.006,True
44,S3,36.084,36.125,-0.041,True
45,S3,36.049,36.131,-0.082,True
46,S3,35.99,35.955,0.035,True
47,S3,36.103,36.127,-0.024,True
48,S3,36.116,35.922,0.194,True
49,S3,36.114,36.326,-0.212,True
50,S3,36.052,36.212,-0.16,True
51,S3,35.811,36.028,-0.217,True
52,S3,35.979,36.01,-0.031,True
53,S3,35.874,36.125,-0.251,True
54,S3,36.211,36.295,-0.084,True
55,S3,35.928,36.054,-0.126,True
56,S3,35.863,36.123,-0.26,True
57,S3,35.831,36.232,-0.401,True
58,S3,35.838,36.249,-0.411,True
