Driver,Team,Position,LapNumber,GapToLeader_sec
RUS,Mercedes,1,1,0.0
RUS,Mercedes,1,2,0.0
RUS,Mercedes,1,3,0.0
RUS,Mercedes,1,4,0.0
RUS,Mercedes,1,5,0.0
RUS,Mercedes,1,6,0.0
RUS,Mercedes,1,7,0.0
RUS,Mercedes,1,8,0.0
RUS,Mercedes,1,9,0.0
RUS,Mercedes,1,10,0.0
RUS,Mercedes,1,11,0.0
RUS,Mercedes,1,12,0.0
RUS,Mercedes,1,13,0.0
RUS,Mercedes,1,14,0.0
RUS,Mercedes,1,15,0.0
RUS,Mercedes,1,16,0.0
RUS,Mercedes,1,17,0.0
RUS,Mercedes,1,18,0.0
RUS,Mercedes,1,19,0.0
RUS,Mercedes,1,20,0.0
RUS,Mercedes,1,21,0.0
RUS,Mercedes,1,22,0.0
RUS,Mercedes,1,23,0.0
RUS,Mercedes,1,24,0.0
RUS,Mercedes,1,25,0.0
RUS,Mercedes,1,26,0.0
RUS,Mercedes,1,27,0.0
RUS,Mercedes,1,28,0.0
RUS,Mercedes,1,29,0.0
RUS,Mercedes,1,30,0.0
RUS,Mercedes,1,31,0.0
RUS,Mercedes,1,32,0.0
RUS,Mercedes,1,33,0.0
RUS,Mercedes,1,34,0.0
RUS,Mercedes,1,35,0.0
RUS,Mercedes,1,36,0.0
RUS,Mercedes,1,37,0.0
RUS,Mercedes,1,38,0.0
RUS,Mercedes,1,39,0.0
RUS,Mercedes,1,40,0.0
RUS,Mercedes,1,41,0.0
RUS,Mercedes,1,42,0.0
RUS,Mercedes,1,43,0.0
RUS,Mercedes,1,44,0.0
RUS,Mercedes,1,45,0.0
RUS,Mercedes,1,46,0.0
RUS,Mercedes,1,47,0.0
RUS,Mercedes,1,48,0.0
RUS,Mercedes,1,49,0.0
RUS,Mercedes,1,50,0.0
RUS,Mercedes,1,51,0.0
RUS,Mercedes,1,52,0.0
RUS,Mercedes,1,53,0.0
RUS,Mercedes,1,54,0.0
RUS,Mercedes,1,55,0.0
RUS,Mercedes,1,56,0.0
RUS,Mercedes,1,57,0.0
RUS,Mercedes,1,58,0.0
ANT,Mercedes,2,1,4.272
ANT,Mercedes,2,2,6.394
ANT,Mercedes,2,3,5.413
ANT,Mercedes,2,4,6.035
ANT,Mercedes,2,5,6.517
ANT,Mercedes,2,6,5.902
ANT,Mercedes,2,7,5.638
ANT,Mercedes,2,8,4.131
ANT,Mercedes,2,9,2.061
ANT,Mercedes,2,10,1.986
ANT,Mercedes,2,11,1.909
ANT,Mercedes,2,12,5.651
ANT,Mercedes,2,13,5.683
ANT,Mercedes,2,14,5.268
ANT,Mercedes,2,15,5.73
ANT,Mercedes,2,16,6.425
ANT,Mercedes,2,17,6.92
ANT,Mercedes,2,18,8.923
ANT,Mercedes,2,19,9.0
ANT,Mercedes,2,20,6.543
ANT,Mercedes,2,21,6.654
ANT,Mercedes,2,22,6.624
ANT,Mercedes,2,23,6.378
ANT,Mercedes,2,24,6.134
ANT,Mercedes,2,25,7.8
ANT,Mercedes,2,26,7.845
ANT,Mercedes,2,27,7.76
ANT,Mercedes,2,28,7.4
ANT,Mercedes,2,29,6.882
ANT,Mercedes,2,30,6.499
ANT,Mercedes,2,31,6.232
ANT,Mercedes,2,32,5.931
ANT,Mercedes,2,33,5.11
ANT,Mercedes,2,34,5.905
ANT,Mercedes,2,35,6.18
ANT,Mercedes,2,36,6.316
ANT,Mercedes,2,37,6.443
ANT,Mercedes,2,38,6.569
ANT,Mercedes,2,39,6.752
ANT,Mercedes,2,40,6.509
ANT,Mercedes,2,41,6.364
ANT,Mercedes,2,42,6.252
ANT,Mercedes,2,43,6.374
ANT,Mercedes,2,44,6.597
ANT,Mercedes,2,45,6.243
ANT,Mercedes,2,46,5.53
ANT,Mercedes,2,47,5.563
ANT,Mercedes,2,48,5.521
ANT,Mercedes,2,49,5.922
ANT,Mercedes,2,50,5.738
ANT,Mercedes,2,51,5.601
ANT,Mercedes,2,52,5.053
ANT,Mercedes,2,53,4.597
ANT,Mercedes,2,54,4.339
ANT,Mercedes,2,55,4.597
ANT,Mercedes,2,56,4.443
ANT,Mercedes,2,57,3.672
ANT,Mercedes,2,58,2.974
LEC,Ferrari,3,1,-0.765
LEC,Ferrari,3,2,0.44
LEC,Ferrari,3,3,-0.551
LEC,Ferrari,3,4,-0.787
LEC,Ferrari,3,5,-0.823
LEC,Ferrari,3,6,-0.64
LEC,Ferrari,3,7,-0.705
LEC,Ferrari,3,8,-0.332
LEC,Ferrari,3,9,-0.708
LEC,Ferrari,3,10,-0.843
LEC,Ferrari,3,11,-1.012
LEC,Ferrari,3,12,-12.944
LEC,Ferrari,3,13,-15.425
LEC,Ferrari,3,14,-12.03
LEC,Ferrari,3,15,-11.09
LEC,Ferrari,3,16,-10.502
LEC,Ferrari,3,17,-8.911
LEC,Ferrari,3,18,-8.288
LEC,Ferrari,3,19,-9.892
LEC,Ferrari,3,20,-7.645
LEC,Ferrari,3,21,-6.993
LEC,Ferrari,3,22,-6.469
LEC,Ferrari,3,23,-5.821
LEC,Ferrari,3,24,-5.627
LEC,Ferrari,3,25,9.328
LEC,Ferrari,3,26,15.552
LEC,Ferrari,3,27,15.47
LEC,Ferrari,3,28,15.169
LEC,Ferrari,3,29,14.67
LEC,Ferrari,3,30,14.424
LEC,Ferrari,3,31,14.211
LEC,Ferrari,3,32,13.618
LEC,Ferrari,3,33,12.954
LEC,Ferrari,3,34,13.878
LEC,Ferrari,3,35,14.403
LEC,Ferrari,3,36,16.05
LEC,Ferrari,3,37,16.447
LEC,Ferrari,3,38,16.163
LEC,Ferrari,3,39,16.153
LEC,Ferrari,3,40,16.168
LEC,Ferrari,3,41,16.09
LEC,Ferrari,3,42,15.882
LEC,Ferrari,3,43,15.739
LEC,Ferrari,3,44,15.977
LEC,Ferrari,3,45,15.66
LEC,Ferrari,3,46,14.803
LEC,Ferrari,3,47,14.722
LEC,Ferrari,3,48,14.587
LEC,Ferrari,3,49,15.107
LEC,Ferrari,3,50,15.22
LEC,Ferrari,3,51,15.447
LEC,Ferrari,3,52,15.39
LEC,Ferrari,3,53,15.335
LEC,Ferrari,3,54,15.28
LEC,Ferrari,3,55,15.435
LEC,Ferrari,3,56,15.643
LEC,Ferrari,3,57,15.553
LEC,Ferrari,3,58,15.519
HAM,Ferrari,4,1,2.567
HAM,Ferrari,4,2,2.186
HAM,Ferrari,4,3,0.616
HAM,Ferrari,4,4,0.893
HAM,Ferrari,4,5,1.378
HAM,Ferrari,4,6,1.442
HAM,Ferrari,4,7,1.708
HAM,Ferrari,4,8,0.926
HAM,Ferrari,4,9,0.792
HAM,Ferrari,4,10,0.935
HAM,Ferrari,4,11,1.041
HAM,Ferrari,4,12,-9.941
HAM,Ferrari,4,13,-11.285
HAM,Ferrari,4,14,-10.052
HAM,Ferrari,4,15,-9.174
HAM,Ferrari,4,16,-8.685
HAM,Ferrari,4,17,-7.405
HAM,Ferrari,4,18,-4.787
HAM,Ferrari,4,19,-6.944
HAM,Ferrari,4,20,-6.243
HAM,Ferrari,4,21,-5.296
HAM,Ferrari,4,22,-4.679
HAM,Ferrari,4,23,-4.125
HAM,Ferrari,4,24,-3.262
HAM,Ferrari,4,25,-2.481
HAM,Ferrari,4,26,-1.489
HAM,Ferrari,4,27,-0.917
HAM,Ferrari,4,28,15.271
HAM,Ferrari,4,29,20.92
HAM,Ferrari,4,30,21.122
HAM,Ferrari,4,31,21.104
HAM,Ferrari,4,32,20.749
HAM,Ferrari,4,33,20.686
HAM,Ferrari,4,34,21.409
HAM,Ferrari,4,35,21.709
HAM,Ferrari,4,36,22.318
HAM,Ferrari,4,37,22.565
HAM,Ferrari,4,38,22.39
HAM,Ferrari,4,39,22.188
HAM,Ferrari,4,40,21.823
HAM,Ferrari,4,41,21.398
HAM,Ferrari,4,42,20.98
HAM,Ferrari,4,43,20.646
HAM,Ferrari,4,44,20.627
HAM,Ferrari,4,45,19.679
HAM,Ferrari,4,46,18.873
HAM,Ferrari,4,47,18.517
HAM,Ferrari,4,48,18.247
HAM,Ferrari,4,49,18.238
HAM,Ferrari,4,50,18.461
HAM,Ferrari,4,51,18.382
HAM,Ferrari,4,52,18.284
HAM,Ferrari,4,53,18.38
HAM,Ferrari,4,54,17.834
HAM,Ferrari,4,55,17.587
HAM,Ferrari,4,56,17.33
HAM,Ferrari,4,57,16.858
HAM,Ferrari,4,58,16.144
NOR,McLaren,5,1,3.764
NOR,McLaren,5,2,6.101
NOR,McLaren,5,3,6.52
NOR,McLaren,5,4,7.588
NOR,McLaren,5,5,9.144
NOR,McLaren,5,6,9.541
NOR,McLaren,5,7,10.42
NOR,McLaren,5,8,10.529
NOR,McLaren,5,9,10.19
NOR,McLaren,5,10,11.373
NOR,McLaren,5,11,30.797
NOR,McLaren,5,12,22.932
NOR,McLaren,5,13,17.205
NOR,McLaren,5,14,14.344
NOR,McLaren,5,15,15.303
NOR,McLaren,5,16,16.292
NOR,McLaren,5,17,17.58
NOR,McLaren,5,18,24.005
NOR,McLaren,5,19,24.818
NOR,McLaren,5,20,19.656
NOR,McLaren,5,21,20.958
NOR,McLaren,5,22,21.753
NOR,McLaren,5,23,22.459
NOR,McLaren,5,24,22.387
NOR,McLaren,5,25,23.008
NOR,McLaren,5,26,23.318
NOR,McLaren,5,27,24.026
NOR,McLaren,5,28,24.676
NOR,McLaren,5,29,25.27
NOR,McLaren,5,30,25.959
NOR,McLaren,5,31,26.906
NOR,McLaren,5,32,27.441
NOR,McLaren,5,33,28.393
NOR,McLaren,5,34,43.533
NOR,McLaren,5,35,49.95
NOR,McLaren,5,36,50.545
NOR,McLaren,5,37,51.154
NOR,McLaren,5,38,51.714
NOR,McLaren,5,39,52.977
NOR,McLaren,5,40,53.459
NOR,McLaren,5,41,54.148
NOR,McLaren,5,42,54.441
NOR,McLaren,5,43,54.834
NOR,McLaren,5,44,55.17
NOR,McLaren,5,45,54.579
NOR,McLaren,5,46,53.736
NOR,McLaren,5,47,53.481
NOR,McLaren,5,48,53.4
NOR,McLaren,5,49,53.36
NOR,McLaren,5,50,53.036
NOR,McLaren,5,51,52.872
NOR,McLaren,5,52,52.55
NOR,McLaren,5,53,51.839
NOR,McLaren,5,54,51.535
NOR,McLaren,5,55,51.732
NOR,McLaren,5,56,51.818
NOR,McLaren,5,57,52.046
NOR,McLaren,5,58,51.741
VER,Red Bull Racing,6,1,8.639
VER,Red Bull Racing,6,2,10.46
VER,Red Bull Racing,6,3,11.112
VER,Red Bull Racing,6,4,12.894
VER,Red Bull Racing,6,5,13.756
VER,Red Bull Racing,6,6,14.085
VER,Red Bull Racing,6,7,15.37
VER,Red Bull Racing,6,8,14.887
VER,Red Bull Racing,6,9,13.98
VER,Red Bull Racing,6,10,15.001
VER,Red Bull Racing,6,11,22.063
VER,Red Bull Racing,6,12,10.337
VER,Red Bull Racing,6,13,7.539
VER,Red Bull Racing,6,14,6.575
VER,Red Bull Racing,6,15,7.848
VER,Red Bull Racing,6,16,9.531
VER,Red Bull Racing,6,17,11.523
VER,Red Bull Racing,6,18,31.091
VER,Red Bull Racing,6,19,32.183
VER,Red Bull Racing,6,20,24.813
VER,Red Bull Racing,6,21,25.679
VER,Red Bull Racing,6,22,26.245
VER,Red Bull Racing,6,23,26.933
VER,Red Bull Racing,6,24,26.939
VER,Red Bull Racing,6,25,27.614
VER,Red Bull Racing,6,26,27.884
VER,Red Bull Racing,6,27,28.436
VER,Red Bull Racing,6,28,28.509
VER,Red Bull Racing,6,29,28.462
VER,Red Bull Racing,6,30,28.58
VER,Red Bull Racing,6,31,28.943
VER,Red Bull Racing,6,32,28.99
VER,Red Bull Racing,6,33,29.082
VER,Red Bull Racing,6,34,29.706
VER,Red Bull Racing,6,35,31.245
VER,Red Bull Racing,6,36,32.483
VER,Red Bull Racing,6,37,33.319
VER,Red Bull Racing,6,38,34.368
VER,Red Bull Racing,6,39,35.345
VER,Red Bull Racing,6,40,37.025
VER,Red Bull Racing,6,41,52.818
VER,Red Bull Racing,6,42,57.755
VER,Red Bull Racing,6,43,56.953
VER,Red Bull Racing,6,44,56.617
VER,Red Bull Racing,6,45,55.593
VER,Red Bull Racing,6,46,54.652
VER,Red Bull Racing,6,47,54.108
VER,Red Bull Racing,6,48,53.98
VER,Red Bull Racing,6,49,54.075
VER,Red Bull Racing,6,50,53.726
VER,Red Bull Racing,6,51,53.654
VER,Red Bull Racing,6,52,53.231
VER,Red Bull Racing,6,53,53.271
VER,Red Bull Racing,6,54,53.261
VER,Red Bull Racing,6,55,53.802
VER,Red Bull Racing,6,56,54.154
VER,Red Bull Racing,6,57,54.435
VER,Red Bull Racing,6,58,54.617
