GP,Driver,Team,Stint,Compound,DegRate,R2,CleanLaps,MeanPace
R01_Australia,ALB,Williams,1.0,MEDIUM,-0.282901,0.8096,8,86.4885
R01_Australia,ALB,Williams,2.0,HARD,0.086612,0.6392,16,85.7416
R01_Australia,ALB,Williams,3.0,SOFT,0.016139,0.0288,23,85.088
R01_Australia,ALO,Aston Martin,1.0,SOFT,-0.051555,0.276,5,87.2658
R01_Australia,ALO,Aston Martin,3.0,SOFT,0.143257,0.5604,5,86.1538
R01_Australia,ANT,Mercedes,1.0,MEDIUM,-0.35255,0.7224,9,84.6654
R01_Australia,ANT,Mercedes,2.0,HARD,-0.013633,0.2368,40,82.9924
R01_Australia,BEA,Haas F1 Team,1.0,MEDIUM,-0.127898,0.722,13,85.651
R01_Australia,BEA,Haas F1 Team,2.0,HARD,0.013921,0.054,36,84.7418
R01_Australia,BOR,Audi,1.0,MEDIUM,-0.127352,0.5678,13,85.8878
R01_Australia,BOR,Audi,2.0,HARD,-0.058137,0.4658,13,84.4925
R01_Australia,BOR,Audi,3.0,HARD,0.048332,0.1999,23,84.4194
R01_Australia,BOT,Cadillac,1.0,HARD,-0.024371,0.0717,6,87.6172
R01_Australia,COL,Alpine,1.0,HARD,-0.223314,0.3449,6,86.7763
R01_Australia,COL,Alpine,2.0,HARD,0.017346,0.0428,28,85.9061
R01_Australia,COL,Alpine,3.0,SOFT,0.112667,0.0528,9,84.3701
R01_Australia,GAS,Alpine,1.0,MEDIUM,-0.150983,0.2489,9,86.0809
R01_Australia,GAS,Alpine,2.0,HARD,0.005497,0.0105,40,85.2725
R01_Australia,HAD,Red Bull Racing,1.0,MEDIUM,-0.056917,0.3504,9,85.4977
R01_Australia,HAM,Ferrari,1.0,MEDIUM,-0.050225,0.4719,20,84.2109
R01_Australia,HAM,Ferrari,2.0,HARD,-0.022561,0.2985,28,82.8751
R01_Australia,LAW,Racing Bulls,1.0,MEDIUM,-0.174397,0.7387,7,86.4257
R01_Australia,LAW,Racing Bulls,2.0,HARD,-0.009933,0.01,16,85.4888
R01_Australia,LAW,Racing Bulls,3.0,SOFT,0.031556,0.0541,23,84.6479
R01_Australia,LEC,Ferrari,1.0,MEDIUM,-0.08825,0.5331,17,84.3236
R01_Australia,LEC,Ferrari,2.0,HARD,-0.00277,0.0071,31,83.0681
R01_Australia,LIN,Racing Bulls,1.0,MEDIUM,-0.069444,0.3077,12,85.6368
R01_Australia,LIN,Racing Bulls,2.0,HARD,0.012139,0.092,34,84.7801
R01_Australia,NOR,McLaren,1.0,MEDIUM,-0.226317,0.5745,9,85.7649
R01_Australia,NOR,McLaren,2.0,HARD,0.013996,0.0606,17,83.9064
R01_Australia,NOR,McLaren,3.0,MEDIUM,-0.036832,0.411,23,83.0861
R01_Australia,OCO,Haas F1 Team,1.0,MEDIUM,-0.211533,0.6177,9,85.9406
R01_Australia,OCO,Haas F1 Team,2.0,HARD,-0.002651,0.0023,40,85.3376
R01_Australia,PER,Cadillac,1.0,MEDIUM,-0.026565,0.1086,7,87.3364
R01_Australia,PER,Cadillac,2.0,HARD,0.00218,0.0032,10,87.0916
R01_Australia,PER,Cadillac,3.0,SOFT,0.002095,0.0023,8,86.1965
R01_Australia,RUS,Mercedes,1.0,MEDIUM,-0.101576,0.1294,10,84.8242
R01_Australia,RUS,Mercedes,2.0,HARD,0.000661,0.0008,40,83.0602
R01_Australia,SAI,Williams,1.0,SOFT,-0.280393,0.5617,7,86.394
R01_Australia,SAI,Williams,2.0,HARD,0.133525,0.9147,16,85.8514
R01_Australia,SAI,Williams,3.0,MEDIUM,0.045212,0.0215,10,85.8482
R01_Australia,SAI,Williams,4.0,SOFT,0.010431,0.0032,8,84.1071
R01_Australia,STR,Aston Martin,2.0,HARD,0.03456,0.3411,6,87.2272
R01_Australia,STR,Aston Martin,3.0,SOFT,0.085486,0.0884,5,86.4938
R01_Australia,VER,Red Bull Racing,1.0,HARD,-0.143045,0.5813,12,85.3415
R01_Australia,VER,Red Bull Racing,2.0,MEDIUM,0.03565,0.4165,20,83.6972
R01_Australia,VER,Red Bull Racing,3.0,HARD,0.07235,0.8018,16,82.865
R02_China,ALO,Aston Martin,1.0,HARD,-0.072044,0.721,20,100.5363
R02_China,ANT,Mercedes,1.0,MEDIUM,-0.123893,0.6087,8,97.5636
R02_China,ANT,Mercedes,2.0,HARD,-0.040065,0.4507,39,96.2312
R02_China,BEA,Haas F1 Team,1.0,MEDIUM,-0.140976,0.2287,8,99.5768
R02_China,BEA,Haas F1 Team,2.0,HARD,-0.046326,0.7257,39,97.5424
R02_China,BOT,Cadillac,1.0,MEDIUM,-0.069333,0.1215,8,101.1862
R02_China,BOT,Cadillac,2.0,HARD,-0.025129,0.3334,37,99.7042
R02_China,COL,Alpine,1.0,HARD,-0.024906,0.1987,23,98.8481
R02_China,COL,Alpine,2.0,MEDIUM,0.08917,0.5856,21,97.5681
R02_China,GAS,Alpine,1.0,MEDIUM,-0.060214,0.4328,8,98.625
R02_China,GAS,Alpine,2.0,HARD,-0.069415,0.7551,38,97.5997
R02_China,HAD,Red Bull Racing,2.0,HARD,-0.059679,0.2316,7,98.6807
R02_China,HAD,Red Bull Racing,3.0,HARD,-0.0388,0.6485,38,98.1345
R02_China,HAM,Ferrari,1.0,MEDIUM,-0.134917,0.3213,8,98.3126
R02_China,HAM,Ferrari,2.0,HARD,-0.035496,0.3646,39,96.8521
R02_China,HUL,Audi,1.0,HARD,-0.059858,0.4717,24,99.0229
R02_China,HUL,Audi,2.0,MEDIUM,0.06514,0.2557,18,97.3088
R02_China,LAW,Racing Bulls,1.0,MEDIUM,0.077143,0.1665,7,99.573
R02_China,LAW,Racing Bulls,2.0,HARD,-0.057619,0.8377,37,98.027
R02_China,LEC,Ferrari,1.0,MEDIUM,-0.107333,0.3253,8,98.1822
R02_China,LEC,Ferrari,2.0,HARD,-0.031126,0.2803,39,96.9394
R02_China,LIN,Racing Bulls,1.0,HARD,-0.040328,0.406,32,99.0989
R02_China,LIN,Racing Bulls,2.0,MEDIUM,0.134658,0.8091,11,96.584
R02_China,OCO,Haas F1 Team,1.0,HARD,-0.02438,0.1084,20,99.0274
R02_China,OCO,Haas F1 Team,2.0,MEDIUM,0.097309,0.3319,14,98.1166
R02_China,OCO,Haas F1 Team,3.0,SOFT,-0.054812,0.3236,7,96.4281
R02_China,PER,Cadillac,1.0,MEDIUM,0.046798,0.109,8,101.0701
R02_China,PER,Cadillac,2.0,HARD,-0.021583,0.1612,35,99.84
R02_China,RUS,Mercedes,1.0,MEDIUM,-0.109643,0.4905,8,97.505
R02_China,RUS,Mercedes,2.0,HARD,-0.058989,0.4864,39,96.4035
R02_China,SAI,Williams,1.0,MEDIUM,-0.001857,0.0,7,100.022
R02_China,SAI,Williams,2.0,HARD,-0.030695,0.3699,37,98.7215
R02_China,STR,Aston Martin,1.0,HARD,-0.148381,0.6867,8,101.3073
R02_China,VER,Red Bull Racing,1.0,SOFT,-0.050571,0.0683,7,99.4746
R02_China,VER,Red Bull Racing,2.0,HARD,-0.070382,0.8134,27,97.8174
R03_Japan,ALB,Williams,1.0,MEDIUM,-0.046754,0.5375,19,97.1294
R03_Japan,ALB,Williams,2.0,HARD,-0.087946,0.5895,17,95.5729
R03_Japan,ALO,Aston Martin,1.0,MEDIUM,-0.009449,0.0509,19,98.4698
R03_Japan,ALO,Aston Martin,3.0,MEDIUM,-0.048945,0.5012,23,97.2704
R03_Japan,ANT,Mercedes,1.0,MEDIUM,-0.087669,0.3021,21,95.1878
R03_Japan,ANT,Mercedes,2.0,HARD,-3.7e-05,0.0,26,93.0034
R03_Japan,BEA,Haas F1 Team,1.0,MEDIUM,-0.0056,0.0025,14,96.869
R03_Japan,BOR,Audi,1.0,MEDIUM,-0.009464,0.0186,18,96.6831
R03_Japan,BOR,Audi,2.0,HARD,-0.051034,0.3763,26,95.1075
R03_Japan,BOT,Cadillac,1.0,HARD,0.01834,0.1519,11,98.611
R03_Japan,BOT,Cadillac,2.0,MEDIUM,-0.010682,0.0277,23,97.0518
R03_Japan,COL,Alpine,1.0,MEDIUM,-0.000843,0.0002,15,96.8007
R03_Japan,COL,Alpine,2.0,HARD,-0.049573,0.5528,28,95.3241
R03_Japan,GAS,Alpine,1.0,MEDIUM,-0.000892,0.0008,20,95.7964
R03_Japan,GAS,Alpine,2.0,HARD,-0.014403,0.0633,26,94.1147
R03_Japan,HAD,Red Bull Racing,1.0,MEDIUM,-0.010061,0.005,17,96.8414
R03_Japan,HAD,Red Bull Racing,2.0,HARD,-0.0384,0.1869,26,94.933
R03_Japan,HAM,Ferrari,1.0,MEDIUM,-0.067086,0.3343,21,95.4441
R03_Japan,HAM,Ferrari,2.0,HARD,0.025847,0.1116,26,93.9007
R03_Japan,HUL,Audi,1.0,MEDIUM,-0.08944,0.5676,19,96.6585
R03_Japan,HUL,Audi,2.0,HARD,-0.075831,0.4207,26,94.8001
R03_Japan,LAW,Racing Bulls,1.0,MEDIUM,-0.005723,0.0144,19,96.7536
R03_Japan,LAW,Racing Bulls,2.0,HARD,-0.026314,0.2701,26,94.7856
R03_Japan,LEC,Ferrari,1.0,MEDIUM,-0.018719,0.0416,16,95.4356
R03_Japan,LEC,Ferrari,2.0,HARD,-0.036426,0.4256,29,93.5916
R03_Japan,LIN,Racing Bulls,1.0,MEDIUM,0.028756,0.0322,16,96.7894
R03_Japan,LIN,Racing Bulls,2.0,HARD,-0.046725,0.5561,27,95.0778
R03_Japan,NOR,McLaren,1.0,MEDIUM,-0.044968,0.1059,15,95.5123
R03_Japan,NOR,McLaren,2.0,HARD,-0.018749,0.1289,30,93.8697
R03_Japan,OCO,Haas F1 Team,1.0,MEDIUM,0.038978,0.2817,17,96.5136
R03_Japan,OCO,Haas F1 Team,2.0,HARD,-0.022439,0.1576,26,94.7849
R03_Japan,PER,Cadillac,1.0,MEDIUM,0.007889,0.0325,18,98.0298
R03_Japan,PER,Cadillac,2.0,HARD,-0.028632,0.5466,26,96.2385
R03_Japan,PIA,McLaren,1.0,MEDIUM,-0.012574,0.0681,17,95.0921
R03_Japan,PIA,McLaren,2.0,HARD,-0.028584,0.5079,28,93.56
R03_Japan,RUS,Mercedes,1.0,MEDIUM,-0.031833,0.0688,20,95.1347
R03_Japan,RUS,Mercedes,2.0,HARD,-0.039286,0.2721,26,93.556
R03_Japan,SAI,Williams,1.0,MEDIUM,-0.050016,0.3612,19,97.0612
R03_Japan,SAI,Williams,2.0,HARD,-0.043826,0.4152,26,95.2402
R03_Japan,STR,Aston Martin,1.0,MEDIUM,0.007739,0.03,19,98.3825
R03_Japan,VER,Red Bull Racing,1.0,MEDIUM,-0.03865,0.3479,20,95.887
R03_Japan,VER,Red Bull Racing,2.0,HARD,-0.021223,0.1074,26,94.1235
